code,QA,fill
A105003001,3.662095720420831,#449C93
A107020001,6.045187010590008,#2A6863
A108003001,4.417404204725767,#449C93
A112010001,3.810091702032703,#449C93
A116003002,4.371836667094648,#449C93
A125020001,2.4377670482601785,#7ACEB9
A125020101,2.593250552274989,#7ACEB9
A133003001,3.6033890791321115,#449C93
A143020002,2.2409236558662426,#7ACEB9
A146020101,2.617052016625959,#7ACEB9
A146020302,2.5113527614935265,#7ACEB9
A147003001,2.989603957645502,#7ACEB9
A161003001,3.848917527702001,#449C93
A204010001,3.3517079437292665,#7ACEB9
A204010101,2.876776573540272,#7ACEB9
A204010201,3.1184177377239197,#7ACEB9
A212020002,3.4744175004336775,#449C93
A213020001,3.7961614879103633,#449C93
A214010001,3.800809340026825,#449C93
A216010001,3.639623336837751,#449C93
A231020001,4.482206976675034,#449C93
A234021001,4.102499610272406,#449C93
A234021101,5.09814772419988,#449C93
A235020002,5.031904686913893,#449C93
A236003001,4.3427961707814635,#449C93
A237003001,4.359003876719209,#449C93
A273011002,3.2483392865687706,#7ACEB9
A276011001,3.610385273105956,#449C93
A284020001,4.29778012152272,#449C93
A286011002,3.8391453897639174,#449C93
A286011003,3.6223080200146924,#449C93
A293020001,6.558227275281683,#2A6863
A312000101,2.961063079622215,#7ACEB9
A315010001,2.603882174902819,#7ACEB9
A315020001,2.3793609293989775,#7ACEB9
A330010001,3.207284798877482,#7ACEB9
A331010001,2.314262139996717,#7ACEB9
A341020001,3.2672413107184797,#7ACEB9
A348020001,4.023662329228359,#449C93
A349020001,3.6567564531860968,#449C93
A350010001,3.053636658089494,#7ACEB9
A361011001,1.7847792932528754,#7ACEB9
A368021001,1.917291624794402,#7ACEB9
A369011001,2.217642112856951,#7ACEB9
A373020001,3.6047952767373603,#449C93
A402061001,1.8866918969132591,#7ACEB9
A405062001,1.5154256839531617,#BCE6DB
A414020202,1.3848503300009853,#BCE6DB
A420063001,1.3664824640722852,#BCE6DB
A420063002,1.5761458963788786,#BCE6DB
A433301001,2.0454379476796936,#7ACEB9
A436203001,1.5110645985358768,#BCE6DB
A443064001,1.3921560175904109,#BCE6DB
A444201001,2.805298197597526,#7ACEB9
A455000201,1.8303123870789988,#7ACEB9
A463201001,1.9482019562191162,#7ACEB9
A511061002,1.8171774350541494,#7ACEB9
A523011001,2.4601670486684992,#7ACEB9
A524201001,2.754606816982796,#7ACEB9
A526102001,3.016059349709075,#7ACEB9
A542201001,3.5635323507369256,#449C93
A543101001,3.4751340673811404,#449C93
A550061001,1.9164847956343547,#7ACEB9
A573061001,2.0108722181462584,#7ACEB9
A584201001,3.015604668507425,#7ACEB9
A605102001,2.866146854157241,#7ACEB9
A614201001,2.514065830975171,#7ACEB9
A615103001,2.6630390803924944,#7ACEB9
A631101001,2.5963892037347,#7ACEB9
A634101002,2.7515278707622146,#7ACEB9
A654111001,2.9851019386813684,#7ACEB9
A657111001,2.916265053080681,#7ACEB9
A670121001,2.66905941838836,#7ACEB9
A673122001,3.025633851077102,#7ACEB9
A676101001,2.7234920167610794,#7ACEB9
A692101001,2.291234200169815,#7ACEB9
A695301001,3.5673898136942968,#449C93
A701061001,1.9404470872486486,#7ACEB9
A712201001,2.8437680168832045,#7ACEB9
A735201001,2.621754104006624,#7ACEB9
A743061001,2.397098986599081,#7ACEB9
A758102001,1.8004953524702187,#7ACEB9
A764201001,1.537338088341098,#BCE6DB
A770101001,1.656336704638284,#BCE6DB
A782101001,1.8049426448326138,#7ACEB9
A788101001,2.2526853702850977,#7ACEB9
A793061002,2.2832800800689474,#7ACEB9
A807101001,1.9845132107518648,#7ACEB9
A812020101,3.023698530375164,#7ACEB9
A818201001,2.0541627672518077,#7ACEB9
A820101001,2.1325509367191224,#7ACEB9
A832201001,2.0634234389086115,#7ACEB9
A840101001,2.290925737131638,#7ACEB9
A843101001,1.9314069350914909,#7ACEB9
A850061001,1.8071355329620882,#7ACEB9
A873201001,2.7328971082398135,#7ACEB9
A901305050,1.8080842514095832,#7ACEB9
A902102050,2.0305247612743584,#7ACEB9
A907105050,2.396043932115648,#7ACEB9
A909106050,2.505871830489145,#7ACEB9
A919205040,4.282386864181196,#449C93
A920107050,3.225357123621433,#7ACEB9
A926000101,4.661228488287249,#449C93
A930108040,3.5679731143892908,#449C93
A931108060,3.8049978960816686,#449C93
A931109050,3.6953142342242224,#449C93
A932215050,2.4862730037905014,#7ACEB9
A953205050,4.3621626600710055,#449C93
A975201001,3.6348017878480023,#449C93
A983201001,3.1027474723132347,#7ACEB9
A986201001,3.6410817240518005,#449C93
A994202002,3.0618056771003914,#7ACEB9
B022001001,3.51690754799122,#449C93
B109201001,3.4013231149498444,#449C93
B110000001,3.416347710028608,#449C93
B115001001,2.7190312291333063,#7ACEB9
B122201001,2.9241431523740298,#7ACEB9
B128201001,3.555231313077237,#449C93
B130001001,2.865518350633369,#7ACEB9
B134001002,2.8366928437456584,#7ACEB9
B210000101,2.829777482323318,#7ACEB9
B213001001,2.5603277939982876,#7ACEB9
B222001001,2.360868439433305,#7ACEB9
B301001002,2.093305323343964,#7ACEB9
B315002001,1.6827477305026626,#BCE6DB
B400101001,0.8384457655730394,#BCE6DB
B402101001,0.9403527690672753,#BCE6DB
B403101001,1.0435519543464378,#BCE6DB
B422431001,0.2614269745011182,#BCE6DB
B457201001,1.6765966756761288,#BCE6DB
B460101001,1.790035793819952,#7ACEB9
B463101001,1.6482802475419145,#BCE6DB
B502001001,1.5466729793018852,#BCE6DB
B517201001,1.4222897640078778,#BCE6DB
B532201001,1.6561245833269542,#BCE6DB
B540001001,1.5529935585811558,#BCE6DB
B557201001,2.151709908284978,#7ACEB9
B611101001,0.12295427918406325,#BCE6DB
B700001002,1.440398052141717,#BCE6DB
B720000001,1.6408388186688991,#BCE6DB
B732201001,2.21102140244428,#7ACEB9
D015651001,3.0036090546027774,#7ACEB9
D015652001,3.040345735868112,#7ACEB9
D015656001,3.0167671641453446,#7ACEB9
D019222000,2.7780967144621043,#7ACEB9
D019223001,2.8158178808347625,#7ACEB9
D020601001,-1.2512235828376943,#EFE0B0
E156601001,3.844333703173439,#449C93
E172601002,3.981772380769621,#449C93
E172751001,4.446651401201187,#449C93
E182601001,3.825862349738731,#449C93
E182702001,3.6818067066943625,#449C93
E183041001,3.9249450065193705,#449C93
E207111002,2.773670046471592,#7ACEB9
E240041101,4.233684955025137,#449C93
E338351001,3.172851088188544,#7ACEB9
E351122001,3.254490895333538,#7ACEB9
E366601001,4.1984417673824534,#449C93
E403572001,3.8470605445707484,#449C93
E403573001,3.6463324621067508,#449C93
E430601001,3.771928766388771,#449C93
E490571001,7.5835503611185,#193830
E490701001,7.645906299420898,#193830
E530021001,3.4959508103283348,#449C93
E540031001,3.80791815415773,#449C93
E550572001,3.420896951113046,#449C93
E633095001,4.085430387287049,#449C93
E639701001,3.03508976253447,#7ACEB9
E640601001,3.3843609044991476,#7ACEB9
E640754001,2.5615931122956135,#7ACEB9
E645100000,3.696544652356688,#449C93
E645651001,3.0298673711907806,#7ACEB9
E648093001,3.9250816992936812,#449C93
F230200000,2.0948546478229924,#7ACEB9
F232000101,3.136892760956031,#7ACEB9
F240000106,2.0471618049760183,#7ACEB9
F312000201,2.180782102253067,#7ACEB9
F351000104,3.023618058614473,#7ACEB9
F352000101,2.8336506069287806,#7ACEB9
F352000201,2.791274558800361,#7ACEB9
F355040000,2.153067973728424,#7ACEB9
F357000101,1.9693279446279746,#7ACEB9
F358000402,2.852234821759264,#7ACEB9
F410000601,2.711584948836351,#7ACEB9
F411000101,2.952484853422395,#7ACEB9
F413000101,4.959673655713662,#449C93
F415000101,3.5650386290433005,#449C93
F416000201,2.7738052874061654,#7ACEB9
F422000201,2.4862954417063854,#7ACEB9
F428000101,2.087252817332858,#7ACEB9
F429000101,1.713790058863158,#7ACEB9
F438000101,2.183877011035958,#7ACEB9
F438000201,2.6928665821251814,#7ACEB9
F439000101,2.0437961788686136,#7ACEB9
F445000101,3.333837331858041,#7ACEB9
F447000302,2.434695737025416,#7ACEB9
F448060000,0.23413298967844237,#BCE6DB
F450000301,1.8318477491649667,#7ACEB9
F453000101,2.631413517692487,#7ACEB9
F456042001,1.2380429602656036,#BCE6DB
F458000100,3.339137022310132,#7ACEB9
F461000102,3.565816555355591,#449C93
F462000101,3.1035019216985873,#7ACEB9
F464000201,2.681389748005754,#7ACEB9
F466000101,3.2756165479180637,#7ACEB9
F467000101,1.7966636085583716,#7ACEB9
F473060000,3.4158566540787847,#449C93
F474000102,3.6088349384800154,#449C93
F482000000,3.6738099240738307,#449C93
F483000202,4.140120627069322,#449C93
F487000400,3.8041091964435823,#449C93
F490000100,2.4301215639125155,#7ACEB9
F569000200,1.3173355084063396,#BCE6DB
F608000100,1.5047540901174208,#BCE6DB
F619000101,0.20183956264081315,#BCE6DB
F622000402,1.7708226331204444,#7ACEB9
F624000200,2.283129455074655,#7ACEB9
F625000101,0.9136852145602322,#BCE6DB
F641000100,4.192412238716288,#449C93
F643000101,1.3386678066306306,#BCE6DB
F652000101,1.1693303253911425,#BCE6DB
F654000301,3.457663154192761,#449C93
F655000101,1.7699366555202716,#7ACEB9
F658000100,1.6765565747959663,#BCE6DB
F658000202,1.7068791770358143,#7ACEB9
F664000104,1.3840506039289875,#BCE6DB
F664000404,1.395888210380105,#BCE6DB
F704000000,2.12051638813789,#7ACEB9
G017042010,3.584988586854588,#449C93
G111041010,4.633737052765948,#449C93
G206021010,2.7835961701173533,#7ACEB9
G510061010,4.127393875961943,#449C93
G600061010,2.5543265527977015,#7ACEB9
G700021010,4.3263405740656244,#449C93
H002001001,4.411016123396442,#449C93
H010001001,4.293953668808756,#449C93
H010002001,3.6785186451727987,#449C93
H020302002,3.8647168767292497,#449C93
H021001001,3.402354854274834,#449C93
H023000000,5.817943846898746,#2A6863
H030101001,3.760328092930218,#449C93
H032101001,3.6803250898736684,#449C93
H032102001,3.5216664808759774,#449C93
H032103001,3.3724981486597576,#7ACEB9
H032104001,3.126805199649559,#7ACEB9
H040002001,3.1657495829525217,#7ACEB9
H041301001,1.4624720901697217,#BCE6DB
H050301001,1.7773133778145904,#7ACEB9
H070201001,1.7454791116320294,#7ACEB9
H080001000,2.834168744634508,#7ACEB9
H081001002,2.786758804857396,#7ACEB9
H105102001,3.0015720397433943,#7ACEB9
H112201001,1.9368784733856397,#7ACEB9
H112202001,2.523613840513213,#7ACEB9
H120101001,2.3391507609783107,#7ACEB9
H123101001,2.495510963755809,#7ACEB9
H130201001,2.0827652471296454,#7ACEB9
H136201001,1.483230067014966,#BCE6DB
H150101001,2.46531603131479,#7ACEB9
H150351001,2.1652270982613158,#7ACEB9
H151321001,2.874457948463262,#7ACEB9
H160301001,2.559765916256047,#7ACEB9
H168000303,1.9977296728891432,#7ACEB9
H170001001,2.0295557338711943,#7ACEB9
H171301001,1.491670909494525,#BCE6DB
H200102001,0.7808906060194923,#BCE6DB
H202101001,1.0402642575931065,#BCE6DB
H205101001,1.9128784690882998,#7ACEB9
H205102002,2.5003816696395575,#7ACEB9
H206201001,5.222272932110152,#2A6863
H207311001,4.74651803201992,#449C93
H208000101,2.8504744315904467,#7ACEB9
H208000104,2.719585277703091,#7ACEB9
H208102001,2.853640277596836,#7ACEB9
H208311001,3.916256114562846,#449C93
H212202001,2.5742174891813008,#7ACEB9
H214203001,2.1603923340979714,#7ACEB9
H214203002,2.2135401771423084,#7ACEB9
H217231001,3.8311919862846664,#449C93
H217232001,3.840332726810126,#449C93
H218201001,2.890284271030332,#7ACEB9
H222101001,2.550664201470757,#7ACEB9
H224000101,4.169125709839373,#449C93
H224000201,4.1632380930760275,#449C93
H226000201,3.8996672345538244,#449C93
H232201001,5.816427904753191,#2A6863
H232202001,5.854883493997871,#2A6863
H233202001,5.977600625378556,#2A6863
H233203001,5.774267365052444,#2A6863
H234202002,5.752632444504393,#2A6863
H234203001,4.317843077498469,#449C93
H240201001,6.53025022574475,#2A6863
H241201001,6.308118927321083,#2A6863
H242231001,5.275402598221044,#2A6863
H243401001,5.096023224729761,#449C93
H244233001,4.7138868011222,#449C93
H244234001,4.744215726773487,#449C93
H245202001,5.120496123945029,#2A6863
H246202001,4.460963871521793,#449C93
H247301001,0.5009064372332312,#BCE6DB
H248201001,3.521743034191913,#449C93
H248202001,4.426361824244405,#449C93
H300000201,2.3609187572977595,#7ACEB9
H305000101,0.74895124873838,#BCE6DB
H305000201,1.79670556912737,#7ACEB9
H305000301,2.1906545393032877,#7ACEB9
H305000401,1.1660428498205533,#BCE6DB
H308000201,2.3610033652732705,#7ACEB9
H311041010,1.3415253068683453,#BCE6DB
H311301001,3.4751312798318366,#449C93
H312042010,1.4368155776083578,#BCE6DB
H317061010,2.2513017968215734,#7ACEB9
H318041010,1.0414404528065941,#BCE6DB
H320000101,2.2837807569202067,#7ACEB9
H322011003,2.0741090448119026,#7ACEB9
H325041010,1.6841561154264881,#BCE6DB
H332201001,2.614617844992728,#7ACEB9
H352201011,2.903506787650108,#7ACEB9
H402203001,0.8745038312505331,#BCE6DB
H403021010,0.2264182324720562,#BCE6DB
H403301001,1.1841333435194152,#BCE6DB
H403301101,-0.19182191948725358,#EFE0B0
H413041010,1.2189763085244418,#BCE6DB
H416021010,-0.4085031827346648,#EFE0B0
H418041010,-0.8405270895914411,#EFE0B0
H418041101,-0.881955189311463,#EFE0B0
H421041010,-0.20157067253622746,#EFE0B0
H423041010,0.05370800283352602,#BCE6DB
H425042010,1.7847704477453241,#7ACEB9
H432021010,1.165827576069969,#BCE6DB
H433042010,-1.1533675667249217,#EFE0B0
H434043010,-2.0095536268878464,#D4B86A
H437042010,-0.8299113081242989,#EFE0B0
H438021010,1.2527417615888374,#BCE6DB
H501102001,2.8671938563684494,#7ACEB9
H502301001,3.1710360193542293,#7ACEB9
H503101001,2.7364246904019836,#7ACEB9
H503102001,2.372125159530584,#7ACEB9
H504063010,1.9271091969791634,#7ACEB9
H504201001,2.9243573482190004,#7ACEB9
H506062010,1.9436367865699034,#7ACEB9
H506201001,1.9100925813499507,#7ACEB9
H507104001,2.521981940183889,#7ACEB9
H507105001,2.6217901201123732,#7ACEB9
H508302001,2.0228400074946684,#7ACEB9
H508305001,1.718764292716365,#7ACEB9
H508307001,2.037473544105577,#7ACEB9
H509101002,1.805289473594773,#7ACEB9
H510203001,1.1839114780006557,#BCE6DB
H511231001,1.5463819627695146,#BCE6DB
H512234001,1.2547699678311752,#BCE6DB
H512235002,1.3296174265630931,#BCE6DB
H513061010,3.7184225931767108,#449C93
H514261001,1.093265785792098,#BCE6DB
H514262001,1.178130588947872,#BCE6DB
H517201001,0.8595052620381256,#BCE6DB
H517311001,1.7933600306478872,#7ACEB9
H520101003,1.490993136219322,#BCE6DB
H520421001,2.822453517078344,#7ACEB9
H522431001,1.605527459877802,#BCE6DB
H530202001,0.2887445805255119,#BCE6DB
H552201001,3.522495385996764,#449C93
H602021010,-0.7600211487191804,#EFE0B0
H602101001,1.7728802749179242,#7ACEB9
H602102001,1.5152193703070256,#BCE6DB
H602321001,1.4512880217662731,#BCE6DB
H603321001,2.301026337147701,#7ACEB9
H605301001,1.5832085045340716,#BCE6DB
H605641101,-0.5623162801246678,#EFE0B0
H605641201,-0.4450629352941891,#EFE0B0
H610201001,1.0797792901946472,#BCE6DB
H611301001,1.707778731087134,#7ACEB9
H612041010,-0.1725096152115762,#EFE0B0
H612043010,-0.045877238586284806,#EFE0B0
H612201001,1.3499882645810948,#BCE6DB
H616201001,1.4016722215883266,#BCE6DB
H620101001,1.1688149246890593,#BCE6DB
H622101001,1.4064738831448065,#BCE6DB
H623021010,0.7503792542333627,#BCE6DB
H623302001,2.491514118521441,#7ACEB9
H626061010,1.1072008192103442,#BCE6DB
H630382001,4.206142785404992,#449C93
H630384001,4.0308505674300035,#449C93
H631302001,4.384704585760609,#449C93
H631303002,3.3218194033477495,#7ACEB9
H632102001,1.9450604567358105,#7ACEB9
H640201001,2.74061180445664,#7ACEB9
H640202001,4.467076066685893,#449C93
H640203001,4.637864529467101,#449C93
H640204001,4.092697427875478,#449C93
H641201001,4.836863950578261,#449C93
H641202001,2.861213298197746,#7ACEB9
H642000000,4.779499869624341,#449C93
H642301001,2.9673955541618535,#7ACEB9
H643201001,3.1783987007102183,#7ACEB9
H702101001,3.065240544472846,#7ACEB9
H703301001,2.4027941116963434,#7ACEB9
H704101001,2.5931559258361077,#7ACEB9
H706101001,3.066004539767836,#7ACEB9
H710202001,2.4250823816267966,#7ACEB9
H714201001,2.8536613595757836,#7ACEB9
H716201001,3.665310787458421,#449C93
H720101001,3.4359648186375304,#449C93
H732201001,5.773960825333982,#2A6863
H740101001,3.941192184098172,#449C93
H740382001,5.611840835651932,#2A6863
H741321001,6.398279024638284,#2A6863
H742373502,4.869791348426682,#449C93
H751301001,4.845017334379399,#449C93
H751361001,4.114627661133687,#449C93
H760201001,4.595596858964718,#449C93
H770201001,2.050428107683657,#7ACEB9
H771301001,0.8904180342590686,#BCE6DB
H773301001,2.6947536602947118,#7ACEB9
H774201001,2.5283136354213207,#7ACEB9
H774202001,3.083986953818588,#7ACEB9
I039000100,0.2851198757112824,#BCE6DB
I102101001,-2.5069633054995215,#D4B86A
I103101001,-1.0587605159714666,#EFE0B0
I110301001,-0.19398892829216016,#EFE0B0
I111101000,-0.07659854300471629,#EFE0B0
I120301001,-0.7837402333692489,#EFE0B0
I200101001,0.5578465197124877,#BCE6DB
I202101001,0.8920239628448033,#BCE6DB
I205103001,0.37284617041383744,#BCE6DB
I205103002,0.4085137389412405,#BCE6DB
I216201001,-1.3011016062936325,#EFE0B0
I220101001,-0.1824365602263327,#EFE0B0
I220382002,-0.312862077089921,#EFE0B0
I221101001,-0.19697926610784827,#EFE0B0
I221103001,0.7211578035265094,#BCE6DB
I223000101,0.3711399705815054,#BCE6DB
I259100100,0.6670940436524482,#BCE6DB
I310301001,0.7539914871930107,#BCE6DB
I335201001,1.232496767585556,#BCE6DB
I342201001,1.3349691076472965,#BCE6DB
I345231001,1.1223928654876705,#BCE6DB
I346201001,1.4624418909513124,#BCE6DB
I346202001,1.4641917514252558,#BCE6DB
I346301001,1.4118022685057021,#BCE6DB
I350101001,0.6646920983983353,#BCE6DB
I352102001,0.5352999639334222,#BCE6DB
I353101001,0.6185258883635782,#BCE6DB
I361201001,1.0730355973698864,#BCE6DB
I361206001,1.9426153750480695,#7ACEB9
I371201001,1.11205267383931,#BCE6DB
I402201001,0.19243179660624415,#BCE6DB
I403201001,-0.10679513200192228,#EFE0B0
I502102001,1.8580002917694334,#7ACEB9
I505301001,0.8073874454840719,#BCE6DB
I510101001,1.3714581554614158,#BCE6DB
I512102001,1.528446335971903,#BCE6DB
I518000000,2.2526562372408554,#7ACEB9
I522101001,1.1279627770258576,#BCE6DB
I523101001,1.2040365064467484,#BCE6DB
I532151001,0.1083208915568532,#BCE6DB
I535201001,0.24090302583149992,#BCE6DB
I540151000,-0.14503313285731506,#EFE0B0
I620102001,2.5226440517804702,#7ACEB9
I630202000,1.149569211844349,#BCE6DB
I632201000,1.127552520677067,#BCE6DB
I692301001,1.315325114352103,#BCE6DB
I711101001,2.5154811072843497,#7ACEB9
I713101001,2.64095100167521,#7ACEB9
I722202001,1.873172741381321,#7ACEB9
I791361001,4.1822426213955,#449C93
I803202001,1.0627391461064009,#BCE6DB
I903101001,-0.5003374708852053,#EFE0B0
I912201002,0.7457385409013377,#BCE6DB
I922102001,0.3763996894849565,#BCE6DB
I923301001,1.966265413921033,#7ACEB9
I923301100,0.5034940704579609,#BCE6DB
I923301301,0.35495649457755374,#BCE6DB
J001401001,0.4242669967821723,#BCE6DB
J012151001,-0.00445663282607005,#EFE0B0
J014401001,0.7076670737051572,#BCE6DB
J061161001,-0.9619522486325799,#EFE0B0
J062161001,-0.43402438607937305,#EFE0B0
J062661001,-0.2918015571893303,#EFE0B0
J110301001,0.4329802362730549,#BCE6DB
J111401001,-0.3229334565774334,#EFE0B0
J120541001,1.2554709164545887,#BCE6DB
J131301001,0.2804924717381594,#BCE6DB
J132401001,-0.4560892408874655,#EFE0B0
J151301001,-2.5271449592961117,#D4B86A
J152301001,-2.0613431850933557,#D4B86A
J152302001,-1.661170623913018,#EFE0B0
J161401001,-1.4748780666333545,#EFE0B0
J171171001,-1.3837696293325152,#EFE0B0
J172171001,-1.2815849730438793,#EFE0B0
J172172001,-1.0745555703824927,#EFE0B0
J181301001,-0.40570938995703704,#EFE0B0
J202301001,0.38208524316405157,#BCE6DB
J203401001,1.5507855729804363,#BCE6DB
J223301001,0.03586126504611729,#BCE6DB
J223302001,0.13769136144286148,#BCE6DB
J261401002,-0.5208202914832263,#EFE0B0
J272301001,-0.29967868949981774,#EFE0B0
J332302002,0.02156293291249165,#BCE6DB
J341302001,-0.42172367353295914,#EFE0B0
J341303001,-0.27989089127336736,#EFE0B0
J351401001,0.32017734162609823,#BCE6DB
J360181001,-0.634764076627746,#EFE0B0
J363181001,-1.3168624723837739,#EFE0B0
J363181003,-1.3394102127660124,#EFE0B0
J371301001,-1.0791260960812057,#EFE0B0
J373301001,-1.7558982249179926,#D4B86A
J381181001,-1.6114975200317758,#EFE0B0
J382181001,-1.5824954116344976,#EFE0B0
J382182001,-1.546226957838965,#EFE0B0
J421191001,-0.8475557791007923,#EFE0B0
J422401001,-0.9118928419401726,#EFE0B0
J423191100,-1.080042185092253,#EFE0B0
J431301001,-0.4937823055059972,#EFE0B0
J461401001,-0.6468101809205805,#EFE0B0
J462301001,-0.8965107741094439,#EFE0B0
J462302001,-0.7456881657234302,#EFE0B0
J471201002,-1.6171256289257023,#EFE0B0
J473401001,-1.2828529401119007,#EFE0B0
J474201001,-1.879275767162192,#D4B86A
J474201501,-1.821942341261537,#D4B86A
J480301001,-1.404805715360477,#EFE0B0
J481301001,-1.0092139215229068,#EFE0B0
J490201001,-1.4103217219881945,#EFE0B0
J510221001,-1.5376722960131166,#EFE0B0
J521211001,-1.6569930258343781,#EFE0B0
J522211001,-1.672124453250802,#EFE0B0
J522401002,-1.6844971258148185,#EFE0B0
J541211001,-1.7088873700009721,#D4B86A
J543211001,-1.759832831586166,#D4B86A
J552401002,-0.8853303514155488,#EFE0B0
J561301002,-0.6133216869530462,#EFE0B0
J621301001,0.17442778226343628,#BCE6DB
J701061001,0.4656952983631304,#BCE6DB
J701062001,0.13790232693593785,#BCE6DB
J701063001,-0.16014557528591125,#EFE0B0
J702402001,0.935639863467908,#BCE6DB
J704301001,0.06473620575153297,#BCE6DB
J706061001,0.5932158455562678,#BCE6DB
J706062001,0.28384764359010395,#BCE6DB
J708311001,0.6875189814086282,#BCE6DB
J709063002,0.6033210634491334,#BCE6DB
J710301001,0.806350947307366,#BCE6DB
J711401001,0.87265396199471,#BCE6DB
J721401001,0.2535075370487346,#BCE6DB
J731301001,-1.0387053423350914,#EFE0B0
J734401001,-0.4612846132261549,#EFE0B0
J735301001,-0.8148018922552595,#EFE0B0
J737311000,0.48022681119917304,#BCE6DB
J748301001,1.7369926844988566,#7ACEB9
J750061001,0.7763309400245488,#BCE6DB
J763301001,1.9634123288043412,#7ACEB9
J782401001,2.056701538017035,#7ACEB9
J783301020,1.4423966304989722,#BCE6DB
J790061002,0.740475463775259,#BCE6DB
J793301010,1.5079652581615277,#BCE6DB
J795301010,1.0922400278342714,#BCE6DB
J795301020,0.8868787793090569,#BCE6DB
J813301001,-2.165400366911672,#D4B86A
J814301001,-1.993122447292139,#D4B86A
J820231001,-1.8838761578047094,#D4B86A
J836311001,-1.4603142740153388,#EFE0B0
J843301002,-1.1512051196484931,#EFE0B0
J844301001,-1.0313022058007426,#EFE0B0
J850231002,-1.7100323438809681,#D4B86A
J863241001,0.06155719784497413,#BCE6DB
J865301001,0.7168906603323946,#BCE6DB
J880023001,-1.4179834079993374,#EFE0B0
J881301001,-0.2695730120717724,#EFE0B0
J920251010,1.1704116885549762,#BCE6DB
J930061101,-0.277143444422119,#EFE0B0
K001872200,0.012474568107287354,#BCE6DB
K002000101,-0.37178695362123737,#EFE0B0
K010002010,-1.190112767546151,#EFE0B0
K010002201,-0.9285991762263933,#EFE0B0
K011401001,-1.6749106999125356,#EFE0B0
K011403001,-1.734076327277257,#D4B86A
K012002010,-0.9598084397566058,#EFE0B0
K021401001,-1.0041439468687505,#EFE0B0
K022001001,-1.3958764628670521,#EFE0B0
K024301001,0.45519857014792453,#BCE6DB
K025301001,0.22369982241560432,#BCE6DB
K025302001,-0.2023173018226096,#EFE0B0
K026001002,-0.748285878435437,#EFE0B0
K031000000,-0.35039056082455355,#EFE0B0
K033301001,1.7115040710418359,#7ACEB9
K034000101,-0.2422138603613547,#EFE0B0
K040301001,-0.14458903026134035,#EFE0B0
K041030000,0.5785462043180382,#BCE6DB
K043651101,0.6249414809897849,#BCE6DB
K045401001,1.1289325083512716,#BCE6DB
K045402001,1.444435805628499,#BCE6DB
K046301002,1.013533331296396,#BCE6DB
K051301001,0.9307791652350372,#BCE6DB
K053000101,1.0333249835089018,#BCE6DB
K054301001,1.7974402557720612,#7ACEB9
K055001010,-0.0893951730299439,#EFE0B0
K056752001,2.089660514801218,#7ACEB9
K061401001,3.6251583842070403,#449C93
K062451001,3.4735771215622044,#449C93
K063001010,1.1806602263614292,#BCE6DB
K064311001,2.730165988856995,#7ACEB9
K067331001,3.8266676335792686,#449C93
K067331100,4.15514769178955,#449C93
K069001001,1.0757389231040702,#BCE6DB
K070001020,1.7111365197101018,#7ACEB9
K070451100,4.739497770798595,#449C93
K071401001,5.502137366062301,#2A6863
K072530200,1.143164830916869,#BCE6DB
K074401001,3.2365459577131297,#7ACEB9
K075321001,2.4820887967406318,#7ACEB9
K076331201,4.1063936425991505,#449C93
K077322001,3.1330634197299085,#7ACEB9
K079001010,1.544036929773532,#BCE6DB
K081301001,3.856950385667909,#449C93
K081302001,3.864294270799502,#449C93
K085030000,5.311316037457524,#2A6863
K091001011,1.7004389654124226,#7ACEB9
K094301001,3.8074262113178725,#449C93
K094303001,3.932487441515962,#449C93
K097401001,5.128696117461257,#2A6863
K098301001,4.4662515147874124,#449C93
K098301101,4.6223301402961585,#449C93
K101000000,2.657057094540478,#7ACEB9
K104030000,3.5590408188962583,#449C93
K106301002,3.484494791167286,#449C93
K108402001,6.341509634996891,#2A6863
K111000100,6.36103554836267,#2A6863
K112500000,2.8136484504225985,#7ACEB9
K113000201,5.116608394736482,#2A6863
K117321001,4.712884072376475,#449C93
K118001010,2.3416440199616644,#7ACEB9
K121181001,6.087023009594,#2A6863
K122000100,5.6066096309595315,#2A6863
K124030000,5.395525791767331,#2A6863
K124301001,5.463459471021503,#2A6863
K125181001,5.483392178664709,#2A6863
K126031000,3.218157491487984,#7ACEB9
K127311001,3.2600161022319005,#7ACEB9
K128481001,2.4599540775332005,#7ACEB9
K129451001,2.303455854685231,#7ACEB9
K130018000,4.109177697969858,#449C93
K131400000,5.591296104565667,#2A6863
K131401001,4.79745352574613,#449C93
K132181010,3.7558889435768683,#449C93
K133000100,3.8460231285322286,#449C93
K134181001,3.918539134286958,#449C93
K135301001,4.614544263748429,#449C93
K136301001,4.5418187008738355,#449C93
K137000301,4.987242418206141,#449C93
K138301001,4.914609170505342,#449C93
K139181001,4.089727329626136,#449C93
K140000000,3.370154304536154,#7ACEB9
K141401001,6.103310142055971,#2A6863
K144001010,2.960749358796325,#7ACEB9
K145030000,6.375766646608871,#2A6863
K151000101,2.2728305157280535,#7ACEB9
K152401001,3.4377304264630952,#449C93
K153030000,3.07738952606593,#7ACEB9
K153301001,2.8884885701118392,#7ACEB9
K154000401,3.1006179630104995,#7ACEB9
K156302001,3.426752251554716,#449C93
K160001010,3.5100884496884275,#449C93
K162030000,4.991996593822153,#449C93
K166000100,4.949345669022881,#449C93
K170001010,3.168375572343332,#7ACEB9
K171301001,4.480493591802565,#449C93
K172421001,2.1156199143723216,#7ACEB9
K175311001,2.8343226034771782,#7ACEB9
K176401002,3.700095691491383,#449C93
K177301001,2.8325103979873494,#7ACEB9
K177551001,4.4001296297624135,#449C93
K181031001,6.409856641904769,#2A6863
K183301001,6.223535255036134,#2A6863
K191451001,4.235420396688088,#449C93
K193001010,3.1275377951866496,#7ACEB9
K194030000,4.572431590338249,#449C93
K194301001,4.212933064933778,#449C93
K195401001,4.869687934470438,#449C93
K196000101,4.184936151334236,#449C93
K196030000,4.3006688834759,#449C93
K206401002,-1.2712020364462915,#EFE0B0
K207081010,-0.5443458501844803,#EFE0B0
K208082001,0.20186047493854198,#BCE6DB
K209008000,-0.0644133714064084,#EFE0B0
K209081001,-0.6233509534712929,#EFE0B0
K212030000,-1.720768096616906,#D4B86A
K212301002,-2.729412686115057,#D4B86A
K214301002,-1.3943013817435652,#EFE0B0
K216311001,-1.6626711079298946,#EFE0B0
K217302001,-1.1492938976318308,#EFE0B0
K221084201,-1.2243876141839372,#EFE0B0
K222302001,-1.3996303172156181,#EFE0B0
K222303001,-1.3916473405194398,#EFE0B0
K222601001,-1.4928880174859327,#EFE0B0
K223403201,-1.7409998654899521,#D4B86A
K224082001,-1.2095400145984407,#EFE0B0
K225401001,-1.3283782403765545,#EFE0B0
K228031000,-0.44252108823409975,#EFE0B0
K228311002,-0.7540879933222584,#EFE0B0
K230081001,-1.0154031679016455,#EFE0B0
K231621001,0.6139541377262712,#BCE6DB
K233081001,-0.6849506926473221,#EFE0B0
K233551001,3.4038401126710127,#449C93
K233551100,3.3857796197226313,#7ACEB9
K235000100,0.79979313174395,#BCE6DB
K236301001,0.6468227379526861,#BCE6DB
K236302002,0.9408430492740738,#BCE6DB
K238311001,1.5373917769884804,#BCE6DB
K243081001,-0.23863313199509656,#EFE0B0
K251401001,0.30173443309118014,#BCE6DB
K251402001,0.854956403691175,#BCE6DB
K252301001,0.6001648975436755,#BCE6DB
K253401001,1.3977429893190372,#BCE6DB
K253401100,1.9520702209168455,#7ACEB9
K253401201,1.2221576096967883,#BCE6DB
K254401001,3.1037690750059395,#7ACEB9
K256400000,0.9980595145519733,#BCE6DB
K258301001,0.9769243118598148,#BCE6DB
K259030000,1.6689361828607894,#BCE6DB
K259301001,0.8797923343629866,#BCE6DB
K262303000,1.7817854709117598,#7ACEB9
K263031001,2.459675687491535,#7ACEB9
K264401001,3.367834006401955,#7ACEB9
K265400000,1.7546384224520568,#7ACEB9
K265401001,1.5413783029050758,#BCE6DB
K267401001,1.0037567479575655,#BCE6DB
K268081001,0.6140378142467503,#BCE6DB
K268082001,0.8576210106161344,#BCE6DB
K270081010,1.4645976985690978,#BCE6DB
K271401001,7.078318377543864,#193830
K272422001,4.9445946035312405,#449C93
K273400000,6.996891149409326,#193830
K275301002,3.4917587146893716,#449C93
K275303001,4.482296129195598,#449C93
K275862100,4.972381167904863,#449C93
K277312001,4.226123248441867,#449C93
K277402001,5.3066373566622635,#2A6863
K278301001,4.520913645889449,#449C93
K279081001,1.1764982363825907,#BCE6DB
K282191001,-0.10817559756213165,#EFE0B0
K283401001,-0.06453120431740426,#EFE0B0
K285191001,0.6179833936512834,#BCE6DB
K287191001,0.3063717518089408,#BCE6DB
K288401001,1.7465539815650373,#7ACEB9
K294401001,2.4067403082371244,#7ACEB9
K295000101,1.1243395535397283,#BCE6DB
K297031001,3.116685694990225,#7ACEB9
K298191001,1.2991180134058724,#BCE6DB
K299401001,2.7247190875965543,#7ACEB9
K302030000,10.829850403384082,#193830
K303081001,1.2588121793293647,#BCE6DB
K306031001,3.2537370897521045,#7ACEB9
K307401001,3.7085153324536195,#449C93
K313000200,1.5143613172079455,#BCE6DB
K315301001,6.266672260380654,#2A6863
K322020000,1.417764948103994,#BCE6DB
K322021001,1.2850180572469592,#BCE6DB
K322201001,0.6889382343883605,#BCE6DB
K323030000,1.4623802993641435,#BCE6DB
K326400000,2.701556715117759,#7ACEB9
K326401002,2.017382721093626,#7ACEB9
K327301001,1.2399137302014709,#BCE6DB
K329202001,0.9741845845713091,#BCE6DB
K329304201,0.9775125048999398,#BCE6DB
K330201001,1.2547004457517377,#BCE6DB
K332201001,1.4465025933424474,#BCE6DB
K333030000,3.194414790444492,#7ACEB9
K335000100,3.8438400002146387,#449C93
K337301001,4.731079120859833,#449C93
K337471001,7.473414686637732,#193830
K338201001,2.2477609957396605,#7ACEB9
K340081001,1.8400507383161233,#7ACEB9
K345081001,1.754141155507784,#7ACEB9
K346400000,5.847086726093179,#2A6863
K346401001,6.123814211481614,#2A6863
K352008000,2.4038200390219138,#7ACEB9
K353301001,6.873641139167454,#193830
K355301001,6.878863184119003,#193830
K357081010,2.3185543848194103,#7ACEB9
K360301001,6.746394799019933,#2A6863
K365081001,1.9313465468416606,#7ACEB9
K400001010,2.766325586773025,#7ACEB9
K401301001,5.4304983972311724,#2A6863
K403001010,3.068311407850844,#7ACEB9
K404401001,4.1371170391983725,#449C93
K407031000,5.294253663928182,#2A6863
K407311001,4.801236825869708,#449C93
K408001001,3.28199586911904,#7ACEB9
K409401001,4.36643446819337,#449C93
K412301001,4.068168303511612,#449C93
K415001010,2.9122709350663785,#7ACEB9
K418001201,2.8491187794640473,#7ACEB9
K419400000,4.528703599795333,#449C93
K425030000,-0.5124332292304331,#EFE0B0
K428000201,1.0708621167372478,#BCE6DB
K428031000,1.6454797970475568,#BCE6DB
K430002010,3.1863254507211694,#7ACEB9
K435001020,3.2982026425409936,#7ACEB9
K437031000,0.09670545589872219,#BCE6DB
K438311001,0.3645431291036985,#BCE6DB
K439030000,0.3684656390958043,#BCE6DB
K440000000,3.1604184339943067,#7ACEB9
K441409001,3.015318838253239,#7ACEB9
K444301001,0.2935231632295906,#BCE6DB
K445000000,3.143007215967182,#7ACEB9
K447001001,2.8317777563787274,#7ACEB9
K447311001,2.670063307314289,#7ACEB9
K455000101,-2.0885554400216586,#D4B86A
K456400000,-2.712190517726765,#D4B86A
K457221001,-1.867805848934879,#D4B86A
K466031000,1.1227187299286516,#BCE6DB
K467000201,-1.462238898738088,#EFE0B0
K468000100,0.9754649403120255,#BCE6DB
K469022000,-0.44406888844968434,#EFE0B0
K473000101,-1.8249114254405583,#D4B86A
K478000201,-2.865580386156042,#D4B86A
K478030000,-2.4295188994016668,#D4B86A
K479301001,-2.4549235224463923,#D4B86A
K480001001,2.6912645142059106,#7ACEB9
K481400000,2.163492720460096,#7ACEB9
K483000100,4.180067118077359,#449C93
K483015000,3.234189113002079,#7ACEB9
K484000102,2.7899633918780973,#7ACEB9
K485300001,1.1534793535629944,#BCE6DB
K487312002,0.8406243675523417,#BCE6DB
K488031100,0.654064173053567,#BCE6DB
K490003102,2.962965664644378,#7ACEB9
K497000200,1.0978419860220896,#BCE6DB
K505000101,3.7957298474732077,#449C93
K505009000,4.062757514562127,#449C93
K508301001,4.338136585283294,#449C93
K509090001,3.4612424476814887,#449C93
K510000200,2.530430389724271,#7ACEB9
K514031000,3.6124493156072717,#449C93
K514311001,3.806448609281542,#449C93
K514311500,3.3840728721458833,#7ACEB9
K515000100,5.570697534053025,#2A6863
K518302002,3.5593872032996643,#449C93
K518302100,4.172791737752355,#449C93
K520090201,3.6106370807608386,#449C93
K522090001,3.8577482776929237,#449C93
K522090003,4.038952853306062,#449C93
K523401001,7.209543159387168,#193830
K525009000,4.746636197753138,#449C93
K531301001,4.746251719954449,#449C93
K533311001,5.725050487550632,#2A6863
K534321001,3.4257951195236416,#449C93
K534591100,3.2710800925166597,#7ACEB9
K536322001,4.277972693248644,#449C93
K536322201,4.149161692206559,#449C93
K538302101,4.737623259649788,#449C93
K540092001,4.497697676933004,#449C93
K542401001,5.089018577437258,#449C93
K543030000,4.966819583183939,#449C93
K543302001,5.010740930813702,#449C93
K543302101,4.79877198780844,#449C93
K544000201,5.376955085711287,#2A6863
K545009000,4.851357437472639,#449C93
K548091010,4.871687694474425,#449C93
K548092010,4.864498108535404,#449C93
K549090001,4.550978797339363,#449C93
K551000100,4.784004048838948,#449C93
K554301001,5.352084786306059,#2A6863
K555023000,5.800300752694783,#2A6863
K555230001,5.273464187015415,#2A6863
K557410001,3.4650099879138403,#449C93
K562301001,4.727657758786081,#449C93
K565301001,5.203249272886738,#2A6863
K565301100,5.654381190575308,#2A6863
K566000100,5.402863412270018,#2A6863
K570232001,5.131921012084338,#2A6863
K571231001,4.850750498335023,#449C93
K573030000,2.176375510001013,#7ACEB9
K602242001,6.027058149173202,#2A6863
K602242101,5.297451411905237,#2A6863
K606301001,3.6555216073867873,#449C93
K607240010,5.320815979355993,#2A6863
K608000100,5.047391049590926,#449C93
K610243001,5.194246728953376,#2A6863
K610243201,5.192430553010126,#2A6863
K611240010,5.0549242663736695,#449C93
K612311011,4.247930769594199,#449C93
K612311100,3.5665156572500814,#449C93
K612311200,3.4980497605931307,#449C93
K613000100,3.7146945619848992,#449C93
K614031000,4.318125854828597,#449C93
K615000100,6.138387479242007,#2A6863
K617313001,4.551325450256224,#449C93
K618000100,4.219939995667684,#449C93
K619242001,4.211448609954918,#449C93
K620090010,4.355908884305525,#449C93
K622091003,4.368602677025107,#449C93
K633252001,3.2170905242334342,#7ACEB9
K633401001,3.165409825215007,#7ACEB9
K633401201,2.4943054715115216,#7ACEB9
K637302001,3.675557743622373,#449C93
K640250011,2.561125702068845,#7ACEB9
K640252001,2.906588902917782,#7ACEB9
K642000100,-1.6410004154033806,#EFE0B0
K645301001,0.3320300263274884,#BCE6DB
K646000100,0.6355112006072805,#BCE6DB
K648251001,2.4390417489518645,#7ACEB9
K649251001,2.5422147833988884,#7ACEB9
K649251100,0.9375157817629596,#BCE6DB
K650091001,3.6682553229382755,#449C93
K652000201,4.758317621687548,#449C93
K652030000,4.70494281826026,#449C93
K653000100,4.8256520546510036,#449C93
K654031000,5.100788800733196,#2A6863
K658032000,4.975091558956285,#449C93
K659300010,5.020622751027908,#449C93
K659302001,4.785460413522032,#449C93
K661009000,4.0100959983396285,#449C93
K671091001,3.8056445647978676,#449C93
K672000201,3.901105907114674,#449C93
K681400000,2.1520691041425986,#7ACEB9
K683002001,2.7575400644311046,#7ACEB9
K683002101,2.8061410376971603,#7ACEB9
K702026000,3.7403873033652304,#449C93
K702260010,4.296020650257094,#449C93
K702262001,3.3959118538398925,#7ACEB9
K714301001,2.0852917944612672,#7ACEB9
K715261010,2.9962106872889187,#7ACEB9
K720261001,2.768516806397826,#7ACEB9
K720751001,3.971014518278495,#449C93
K721261010,3.251941084086636,#7ACEB9
K721751202,4.149167608507712,#449C93
K722261011,3.0934755980063984,#7ACEB9
K730000100,3.707353492869892,#449C93
K731261001,2.8356377397533103,#7ACEB9
K731262010,3.2363137259174337,#7ACEB9
K732261001,3.065553791624011,#7ACEB9
K741301010,3.981426553230574,#449C93
K741401001,4.066897036810604,#449C93
K742000201,3.32360827060448,#7ACEB9
K743303001,3.340480491827665,#7ACEB9
K743303201,2.7524950702431785,#7ACEB9
K750261010,3.002362038934924,#7ACEB9
K751401001,2.3734676767230747,#7ACEB9
K752262010,2.603281488416124,#7ACEB9
K754000501,2.2865160915137963,#7ACEB9
L001061101,0.9611409512871217,#BCE6DB
L005063001,0.4817868385066532,#BCE6DB
L009302001,0.6118452057907593,#BCE6DB
L009302002,0.8537597892179776,#BCE6DB
L011030000,0.23122611991264463,#BCE6DB
L012303001,0.4812566566289931,#BCE6DB
L014061001,0.9190118834858524,#BCE6DB
L020151001,0.9037085554219854,#BCE6DB
L023151001,1.279547165483201,#BCE6DB
L030000101,1.1217704771528574,#BCE6DB
L030015000,1.5885538527056924,#BCE6DB
L031401001,1.7217719803054052,#7ACEB9
L032151001,1.4663699296587942,#BCE6DB
L040061001,1.2385976471819133,#BCE6DB
L051301001,2.7837897354327787,#7ACEB9
L056301001,2.465777419044279,#7ACEB9
L061400000,2.6009348301173967,#7ACEB9
L061402001,2.5132352002076184,#7ACEB9
L062061001,1.792716519076117,#7ACEB9
L062401001,2.505952517502455,#7ACEB9
L070061001,1.632126607374241,#BCE6DB
L080030000,2.2190008554200924,#7ACEB9
L081301001,1.861723848390552,#7ACEB9
L091402001,2.0735498458090835,#7ACEB9
L092061002,1.5656076966433823,#BCE6DB
L093000100,2.055480026367401,#7ACEB9
L094061001,1.4858666005296959,#BCE6DB
L100401001,0.9804367716714207,#BCE6DB
L111301001,1.2024767019993954,#BCE6DB
L111302001,1.1824713602915455,#BCE6DB
L111302100,1.2891215492735266,#BCE6DB
L120000301,1.4732844459821806,#BCE6DB
L130000200,0.9159142670110597,#BCE6DB
L131000101,1.3593553926357558,#BCE6DB
L131000400,1.2487485803220484,#BCE6DB
L132400000,1.6658856922936853,#BCE6DB
L140061001,1.5632958679880797,#BCE6DB
L143000200,2.98073408999576,#7ACEB9
L144061001,1.66368911031029,#BCE6DB
L200000300,2.1766723495383644,#7ACEB9
L202000300,3.962021948907835,#449C93
L203000200,3.766765604972383,#449C93
L210301001,2.59558115993842,#7ACEB9
L210301300,2.449566321165744,#7ACEB9
L211401001,3.0668716348351905,#7ACEB9
L211401300,2.5743630498258296,#7ACEB9
L220161002,3.0969432567449764,#7ACEB9
L221301001,0.38054185541430136,#BCE6DB
L225030000,0.5758520846144505,#BCE6DB
L225301001,0.9432457477532342,#BCE6DB
L231301001,3.3410250226931977,#7ACEB9
L231301101,3.424936601010028,#449C93
L231301401,3.3533722446990266,#7ACEB9
L232440000,2.590442849585646,#7ACEB9
L233401001,1.9770866538817713,#7ACEB9
L233401200,2.403298357903472,#7ACEB9
L234161001,2.4115015585367465,#7ACEB9
L240401001,1.752007548307067,#7ACEB9
L240402001,2.2002796670761464,#7ACEB9
L240403001,2.3435176322122673,#7ACEB9
L240404001,2.4500214320805194,#7ACEB9
L242401400,1.0966463965934152,#BCE6DB
L243000300,1.5356657670698013,#BCE6DB
L244030000,2.8290621996147474,#7ACEB9
L244301001,2.606056320406095,#7ACEB9
L250161001,2.5362981247507315,#7ACEB9
L251000300,5.7508589044998075,#2A6863
L252301001,5.5164766311584135,#2A6863
L252301100,5.89043239084788,#2A6863
L253016100,2.6992677288728033,#7ACEB9
L301000100,3.983788759072735,#449C93
L302000300,3.7903602306499886,#449C93
L303301001,3.9936917485493963,#449C93
L311000100,4.69760218606143,#449C93
L312301001,4.556421741611162,#449C93
L312301100,5.021670365077774,#449C93
L320062001,1.7430977423232203,#7ACEB9
L323006000,1.9422638756789858,#7ACEB9
L403301001,1.2074823164934858,#BCE6DB
L410071001,1.6326365154496802,#BCE6DB
L420000301,1.7925295728584778,#7ACEB9
L421071001,2.002920514527555,#7ACEB9
L422071001,2.138755761976575,#7ACEB9
L430017000,5.5962829812169135,#2A6863
L431400000,4.632011546924015,#449C93
L440000101,4.355117731083401,#449C93
L441171001,3.8431737820342726,#449C93
L452302001,2.2611276432417435,#7ACEB9
L452302002,2.393755588954151,#7ACEB9
L453000201,2.6549893734461842,#7ACEB9
L454071001,2.9391416955087615,#7ACEB9
L454072001,2.9572170930478334,#7ACEB9
L465301001,2.4954234857245052,#7ACEB9
L470071001,2.980070573384695,#7ACEB9
L471071001,2.583576377005181,#7ACEB9
L473071001,2.6865573822520235,#7ACEB9
L500181001,2.9045813267932186,#7ACEB9
L501018000,2.4905328777738083,#7ACEB9
L502181001,2.4487856319330534,#7ACEB9
L503401001,2.730150566547993,#7ACEB9
L503401200,2.3460894935169048,#7ACEB9
L510018000,2.5480488250450724,#7ACEB9
L510181001,2.1666406168139285,#7ACEB9
L513401001,2.1836427643067693,#7ACEB9
L522302001,1.6242602544947562,#BCE6DB
L530181001,2.2579369258017095,#7ACEB9
L532301001,2.3138910089592595,#7ACEB9
L540181001,2.3299490668732985,#7ACEB9
L541018000,2.619479438182371,#7ACEB9
L541181001,2.057319589924235,#7ACEB9
L541182301,2.455328217741936,#7ACEB9
L551191001,2.0244984014190597,#7ACEB9
L556000102,2.3097411482000623,#7ACEB9
L560000100,2.8366445450557003,#7ACEB9
L561000100,2.5809921651648033,#7ACEB9
L562301001,2.58941741693654,#7ACEB9
L563030000,2.506670663239617,#7ACEB9
L564000100,2.2185614355538354,#7ACEB9
L565000100,2.3361608340555824,#7ACEB9
L565031000,2.2359418367449124,#7ACEB9
L567000100,2.6036303183648366,#7ACEB9
L567000301,2.3833922645133874,#7ACEB9
L571000100,1.72521561056566,#7ACEB9
L571000200,1.0614114205904666,#BCE6DB
L573301001,2.3134873221086054,#7ACEB9
L574191001,2.330585661575827,#7ACEB9
L574192002,2.4307713209294652,#7ACEB9
L580181001,2.6572365924016963,#7ACEB9
L600071001,2.5220684183080957,#7ACEB9
L601000300,3.505840804669609,#449C93
L602071001,2.4635987300951103,#7ACEB9
L610000100,3.4777303687617502,#449C93
L611000100,3.3691772821283883,#7ACEB9
L620201002,3.1978388323446003,#7ACEB9
L620201201,3.1151029463060076,#7ACEB9
L621000201,3.2651299578999335,#7ACEB9
L621000402,2.808250527815189,#7ACEB9
L621020000,3.5481564600085904,#449C93
L630071001,2.487087196733399,#7ACEB9
L631030000,2.5958077263745323,#7ACEB9
L700061001,1.9102966825773293,#7ACEB9
L700061002,2.0337914819578318,#7ACEB9
L702000101,1.8432474556921037,#7ACEB9
L710000100,4.822193958004543,#449C93
L710000200,4.615189693610382,#449C93
L710030000,4.831814115647516,#449C93
L711000100,5.596490541366287,#2A6863
L712301001,4.863690900049742,#449C93
L720061001,2.2009789515336493,#7ACEB9
L721000100,7.388950669597158,#193830
L721000300,5.484371167924221,#2A6863
L722006000,2.2177518257144753,#7ACEB9
L800001020,2.462917702209263,#7ACEB9
L800001030,2.8955749860345024,#7ACEB9
L810211001,0.7985673702450639,#BCE6DB
L811641001,1.3904032425970412,#BCE6DB
L812211002,1.1255997716934663,#BCE6DB
L812212004,1.388051147463815,#BCE6DB
L813401001,1.762795197235484,#7ACEB9
L813402001,2.214971617322143,#7ACEB9
L814211001,1.6277228972928355,#BCE6DB
L820301001,2.271222242973675,#7ACEB9
L821301001,2.7545012824980484,#7ACEB9
L821301100,2.209956664313789,#7ACEB9
L822211001,1.9070506439832589,#7ACEB9
L823211001,2.271932476794414,#7ACEB9
L830030000,2.397487040261718,#7ACEB9
L830731100,1.8406076402398788,#7ACEB9
L831400000,2.390584113536687,#7ACEB9
L833000100,3.0955535657937205,#7ACEB9
L833400000,3.4246243440480604,#449C93
L834301001,2.6076801936251024,#7ACEB9
L840210400,2.714438954629194,#7ACEB9
L840211002,2.474180159460907,#7ACEB9
L850301001,6.217284464798807,#2A6863
L851000200,5.27803463684594,#2A6863
L851000300,6.104372729000222,#2A6863
L851000500,6.070344752581067,#2A6863
L852301001,6.1679701080205565,#2A6863
L853030200,8.12277238679088,#193830
L860211002,3.2992636376621904,#7ACEB9
L870000000,2.9688799283751335,#7ACEB9
L870001010,2.8266338345592588,#7ACEB9
L900000601,0.8108666754085825,#BCE6DB
L910000101,3.458137550661727,#449C93
L911000601,4.874511530642502,#449C93
L911030000,5.176303125474219,#2A6863
L921000201,5.297706215992608,#2A6863
L922000101,3.0185168199937107,#7ACEB9
M001061001,-0.5938553936624199,#EFE0B0
M001411001,-1.0217352983319505,#EFE0B0
M003400000,-0.4771871353621383,#EFE0B0
M004061001,-0.1531769870048704,#EFE0B0
M005061020,0.2795463730484137,#BCE6DB
M006432001,1.056972252952458,#BCE6DB
M006433001,0.7453179327024485,#BCE6DB
M011491010,1.9037404594854788,#7ACEB9
M012401010,1.8623870022549263,#7ACEB9
M013401010,1.9707023133645205,#7ACEB9
M014006000,0.8051170365016039,#BCE6DB
M015301010,1.007969907974351,#BCE6DB
M020061010,0.9108769645140395,#BCE6DB
M022774100,-1.076493432497808,#EFE0B0
M024030000,-0.04668754725624815,#EFE0B0
M024301000,-0.13848857706993947,#EFE0B0
M024301010,0.5418984575414854,#BCE6DB
M025061020,0.7611042490866685,#BCE6DB
M026400000,2.606658427325102,#7ACEB9
M027061020,0.6331884004014269,#BCE6DB
M030151001,-1.1695134317248919,#EFE0B0
M031000101,-0.9143891645778499,#EFE0B0
M032015000,-1.5762029681422438,#EFE0B0
M032151101,-1.6349335904866216,#EFE0B0
M034151010,-1.2755013259546928,#EFE0B0
M035400000,-2.230386507034385,#D4B86A
M035401010,-2.2183384336928205,#D4B86A
M036151010,-1.1291673236497566,#EFE0B0
M036151501,-2.1476218250968353,#D4B86A
M037151010,-1.4563577108246102,#EFE0B0
M038401020,-2.9767755186565736,#D4B86A
M040151010,-1.301590413027181,#EFE0B0
M040151200,-1.1772589557077306,#EFE0B0
M041151010,-0.790546363367644,#EFE0B0
M042151010,-1.1956407748376965,#EFE0B0
M042481010,0.23607864009269958,#BCE6DB
M043401010,0.595645519463587,#BCE6DB
M043401300,-0.1503807230522897,#EFE0B0
M044151010,-0.9942707919866894,#EFE0B0
M050061010,-0.029304287013940212,#EFE0B0
M050451010,0.6339702492655253,#BCE6DB
M052061010,0.11519874129675127,#BCE6DB
M053501010,2.4240567229027907,#7ACEB9
M054401010,2.124769735572619,#7ACEB9
M055603010,2.551412219686046,#7ACEB9
M056030000,1.4765774546093366,#BCE6DB
M058301010,1.4364490491277566,#BCE6DB
M058302010,1.7054872425460892,#7ACEB9
M061030000,2.328918948510384,#7ACEB9
M062401010,2.712931751908858,#7ACEB9
M063061010,0.5396667368499939,#BCE6DB
M063301010,2.4449676514103573,#7ACEB9
M065311010,3.434071021486851,#449C93
M068061010,0.5555416482433706,#BCE6DB
M073061010,0.6953418272415981,#BCE6DB
M101161010,-0.06882819514129132,#EFE0B0
M102000101,0.7755714145204848,#BCE6DB
M102000201,2.1085922452287265,#7ACEB9
M102000301,1.344915398242899,#BCE6DB
M103400000,0.2555921628725164,#BCE6DB
M103401010,0.603283428636067,#BCE6DB
M103402010,0.3967160777443127,#BCE6DB
M103402400,0.4263112880532674,#BCE6DB
M103402500,-0.02580616587090746,#EFE0B0
M104161010,0.6022929387869702,#BCE6DB
M104162010,1.1019358252857603,#BCE6DB
M105000100,3.7302638862445696,#449C93
M106000100,3.4776899164556134,#449C93
M107302001,2.082993507091479,#7ACEB9
M110161010,1.6779675729863612,#BCE6DB
M111401010,0.16294007157193283,#BCE6DB
M111401300,-0.13414884013199818,#EFE0B0
M111401501,-0.12601062859985068,#EFE0B0
M112162001,1.4925639951620138,#BCE6DB
M112480000,2.4293215530120875,#7ACEB9
M112481100,1.5658733772200062,#BCE6DB
M112481200,4.897457186864843,#449C93
M112481500,4.562071300765292,#449C93
M112481601,1.2517019967113725,#BCE6DB
M114161010,2.057923451518781,#7ACEB9
M114460000,0.8071028733124402,#BCE6DB
M115161010,1.3667429265195357,#BCE6DB
M120030000,-1.006353560322094,#EFE0B0
M121301010,-0.3606137769123536,#EFE0B0
M121301200,-0.5961160519455271,#EFE0B0
M121301301,-0.3026798822868836,#EFE0B0
M123303000,-0.42744991407331234,#EFE0B0
M123304010,0.013467611525928102,#BCE6DB
M123304200,-0.5287803685532637,#EFE0B0
M124401010,-0.31391987093518503,#EFE0B0
M125030000,-0.5688595510707277,#EFE0B0
M125401010,-0.4511324690465116,#EFE0B0
M130161010,1.1916310236394871,#BCE6DB
M131301010,-0.2991138402797313,#EFE0B0
M134161010,0.7718231427390223,#BCE6DB
M135401010,1.1645213060093031,#BCE6DB
M136016000,1.2611818544032207,#BCE6DB
M141000500,3.658860209067811,#449C93
M144161010,2.1012935789618368,#7ACEB9
M146301010,0.9993071619338441,#BCE6DB
M146302010,1.8416569925242416,#7ACEB9
M151161010,2.2454025262777484,#7ACEB9
M153161010,1.6850283872268847,#BCE6DB
M153451100,4.357586756276286,#449C93
M156161010,2.5134407817082973,#7ACEB9
M300092010,0.5763990527092298,#BCE6DB
M301401010,0.8856939996775208,#BCE6DB
M302091010,0.7715445811430177,#BCE6DB
M303401001,0.42431290457670867,#BCE6DB
M304091001,0.35398225790837523,#BCE6DB
M306091010,0.7979352056080573,#BCE6DB
M310301001,1.3642853969670192,#BCE6DB
M313301010,1.2862225008373234,#BCE6DB
M314030000,1.263925536357211,#BCE6DB
M321301010,0.6200688136709397,#BCE6DB
M322301010,0.6805220001879878,#BCE6DB
M323091010,1.3116286961719172,#BCE6DB
M323091020,1.5611521107292519,#BCE6DB
M325311010,1.1104179999408532,#BCE6DB
M331301010,0.04593751048976662,#BCE6DB
M332301010,0.14898036239587373,#BCE6DB
M333091010,1.7030469690156782,#7ACEB9
M334091010,1.073806628538055,#BCE6DB
M340301010,1.5722353642091393,#BCE6DB
M342301010,1.5700371439025544,#BCE6DB
M350401010,1.9652668698628375,#7ACEB9
M351401010,1.8819483760403906,#7ACEB9
M360091010,1.3514436627906385,#BCE6DB
M363091010,1.1855694905559626,#BCE6DB
M371181010,1.597881313754354,#BCE6DB
M371181100,1.532548664662328,#BCE6DB
M373181010,2.2363908860824857,#7ACEB9
M376400000,3.5402505014724235,#449C93
M377181010,1.9216385782943994,#7ACEB9
M377401010,1.6857807363989536,#BCE6DB
M380000100,2.0597645053510965,#7ACEB9
M381301010,2.030315114038352,#7ACEB9
M382301010,2.113273897538377,#7ACEB9
M383401020,2.8150952051932756,#7ACEB9
M383401100,2.511090898510512,#7ACEB9
M385181010,1.8130784752577789,#7ACEB9
M386181010,2.0486636901584836,#7ACEB9
M391440000,1.434661790142089,#BCE6DB
M410191040,1.5311512492112755,#BCE6DB
M411401010,2.8510134938558056,#7ACEB9
M501421020,5.511007693487883,#2A6863
M510201010,6.217185221873642,#2A6863
M510431100,6.434513940670776,#2A6863
M512431010,4.181865240213659,#449C93
M512431100,4.04016308064185,#449C93
M521401010,3.6628578579477304,#449C93
M521401020,3.8367323880177175,#449C93
M522201010,4.696544493563656,#449C93
M530001010,2.3188062538726695,#7ACEB9
M600000100,2.8098056382588754,#7ACEB9
M601301010,2.798946838612119,#7ACEB9
M601301020,2.754476660453125,#7ACEB9
M601303010,2.223215276245413,#7ACEB9
M602030000,3.2408453803439983,#7ACEB9
M611000100,2.2805179609108777,#7ACEB9
M620401010,2.289036420029033,#7ACEB9
M620401100,2.7781708770223092,#7ACEB9
M621400000,3.521896636253537,#449C93
M624001000,2.017744458162233,#7ACEB9
M632301010,1.4524427361787595,#BCE6DB
M632301020,1.8149645746353318,#7ACEB9
M633301010,1.6236706400779035,#BCE6DB
M633302010,1.5189932438562264,#BCE6DB
M635302000,2.3210548023402544,#7ACEB9
M701024000,0.7713935536080154,#BCE6DB
M702241010,0.8269106800295123,#BCE6DB
M703024000,0.960052763127609,#BCE6DB
M704400000,1.6724268518613143,#BCE6DB
M704401100,1.718269179628208,#7ACEB9
M711241010,0.8145185830733711,#BCE6DB
M720302010,2.4776052629519763,#7ACEB9
M721301010,2.209865764752314,#7ACEB9
M721302010,2.3253515312702246,#7ACEB9
M730242011,1.4188997954312466,#BCE6DB
M731400000,2.3247089359723416,#7ACEB9
M731401010,2.6322432790051713,#7ACEB9
M741301010,1.202496065420752,#BCE6DB
M743311010,1.2546773624633158,#BCE6DB
M745030000,1.7403581710380513,#7ACEB9
M745301010,1.1994938517124438,#BCE6DB
M750241000,1.3158520848009112,#BCE6DB
M811261010,1.645356423423857,#BCE6DB
M811261020,1.6528488938063053,#BCE6DB
M812401010,2.1512585529933634,#7ACEB9
M814401010,2.3376256692985273,#7ACEB9
M815026000,2.1871273486635423,#7ACEB9
M820501010,2.6552316072742994,#7ACEB9
M820502010,2.085287385081981,#7ACEB9
M842001000,2.5472346241293784,#7ACEB9
M850301010,1.2761993546985064,#BCE6DB
N011302010,2.849025733955101,#7ACEB9
N011303010,3.0095675969771785,#7ACEB9
N100151010,1.9388320756087787,#7ACEB9
N120301010,3.273980212602912,#7ACEB9
N120302010,2.913934054043705,#7ACEB9
N300161010,1.0336187009163593,#BCE6DB
N302401010,0.6906302053404975,#BCE6DB
N303161010,0.5049880605638257,#BCE6DB
N311301010,1.23647905125096,#BCE6DB
N322201010,0.9187276420905512,#BCE6DB
N330161010,1.0055933061505975,#BCE6DB
N330411010,1.9968236401627817,#7ACEB9
N340000000,1.5162232718635038,#BCE6DB
N342301020,2.0481350693954417,#7ACEB9
N351161000,1.3620369810333286,#BCE6DB
N400061001,1.7364699995134525,#7ACEB9
N410403001,0.47000606931644756,#BCE6DB
N411062001,1.056379470160214,#BCE6DB
N430521001,2.2606449452073667,#7ACEB9
N510171001,0.6734476584877461,#BCE6DB
N520171001,0.7238714938722893,#BCE6DB
N600302002,3.8507150284878535,#449C93
N710181010,0.6986653188714556,#BCE6DB
N712181010,0.4683575039017146,#BCE6DB
O001001001,-5.160484197975867,#7F4A23
O001004003,-6.125455946070943,#7F4A23
O004401001,-5.436365979380646,#7F4A23
O005002002,-5.493885609173416,#7F4A23
O017402701,-5.284997346918624,#7F4A23
O020002001,-5.743190416858427,#7F4A23
O020004002,-5.7879842947063675,#7F4A23
O023402001,-5.775856859618854,#7F4A23
O029003001,-5.763505533024486,#7F4A23
O029531001,-7.656057011836862,#452C1A
O036251001,-4.663250726562123,#B3762A
O036252001,-4.377528752241426,#B3762A
O038401001,-5.715384759537332,#7F4A23
O039252001,-4.999169147799732,#B3762A
O048401001,-5.282889107486521,#7F4A23
O049401001,-5.345713128672646,#7F4A23
O050252002,-5.419261424918277,#7F4A23
O059251001,-5.711884891872612,#7F4A23
O062401001,-5.750422407394485,#7F4A23
O066001001,-5.665910029019942,#7F4A23
O074402001,-5.508128768385026,#7F4A23
O074404001,-5.644887889181871,#7F4A23
O079401001,-6.5302341559184525,#7F4A23
O080001001,-5.682122887627683,#7F4A23
O082001001,-5.864146748399094,#7F4A23
O108431001,-6.4138925684959505,#7F4A23
O120251001,-6.32925463525595,#7F4A23
O125251001,-6.88137142047636,#452C1A
O127401001,-6.032584985411772,#7F4A23
O137251002,-6.514993510725027,#7F4A23
O143291001,-7.067155512141622,#452C1A
O143292001,-7.102912375626596,#452C1A
O143293001,-8.22337002638094,#452C1A
O144291002,-7.0483729163427515,#452C1A
O146401001,-6.773722648101023,#7F4A23
O149433201,-7.023873705142026,#452C1A
O153291001,-7.45755558145585,#452C1A
O158461001,-7.109151777639506,#452C1A
O163401001,-6.077103292260387,#7F4A23
O165293002,-7.714424228524767,#452C1A
O166291001,-7.971467747329195,#452C1A
O171251001,-7.7561448067459136,#452C1A
O187401001,-6.287714909590692,#7F4A23
O188251001,-6.8467580948609434,#452C1A
O198431001,-5.044173330604599,#B3762A
O200001001,-6.200800181682782,#7F4A23
O217251001,-7.247193014335897,#452C1A
O222251001,-6.8704809119345125,#452C1A
O232401002,-7.00756531702668,#452C1A
O234401001,-7.401602711698752,#452C1A
O262002002,-6.1097339037555916,#7F4A23
O288000101,-3.89782342403563,#B3762A
O290002001,-5.829484379444632,#7F4A23
O303101001,0.5807835652469266,#BCE6DB
O306401001,1.1885969243493708,#BCE6DB
O308432001,1.0888284356732592,#BCE6DB
O312102002,0.28057309197654334,#BCE6DB
O314101001,-0.46193141322214115,#EFE0B0
O319401001,-0.2896608122493585,#EFE0B0
O319402001,-0.31756284711701915,#EFE0B0
O336402101,-0.28222526546448207,#EFE0B0
O339403004,-1.4996984173559098,#EFE0B0
O340101002,-0.5826968697396,#EFE0B0
O342401001,-2.424327294942143,#D4B86A
O345431001,-1.3840331940138522,#EFE0B0
O347000101,-1.0160489619040471,#EFE0B0
O358461002,-1.4097969905465875,#EFE0B0
O358462001,-1.3505703441144983,#EFE0B0
O359402002,-0.7140828258175391,#EFE0B0
O375401001,-0.42521324444805514,#EFE0B0
O402101001,-0.6947246649840149,#EFE0B0
O419433003,-2.5137032366059198,#D4B86A
O422251002,-2.2850249655765134,#D4B86A
O425251001,-2.3485827286718837,#D4B86A
O432401001,-1.471534458311531,#EFE0B0
O438401001,-1.985028101726627,#D4B86A
O439401001,-2.2821609809243597,#D4B86A
O439402001,-2.05677033579598,#D4B86A
O452401001,-5.871330483094583,#7F4A23
O454402001,-5.623109856922143,#7F4A23
O469251003,-2.8957057012411327,#D4B86A
O470403001,-1.757510921262557,#D4B86A
O475401001,-2.248407480425524,#D4B86A
O477401001,-2.236137221444915,#D4B86A
O479404001,-2.33372260789311,#D4B86A
O480252002,-2.8264763378269477,#D4B86A
O493101001,-2.073627705938877,#D4B86A
O498432001,-5.762295676429246,#7F4A23
O499103001,-1.966210348737534,#D4B86A
O504251002,-1.9058135726418584,#D4B86A
O505501001,-0.5598844923925317,#EFE0B0
O509252002,-1.967679445978232,#D4B86A
O519251003,-0.6720240745363103,#EFE0B0
O522401001,-0.8567694314344447,#EFE0B0
O528431002,-1.686797885564074,#EFE0B0
O529251001,-1.5611163526814935,#EFE0B0
O531291001,-0.9262476174676507,#EFE0B0
O532291001,-0.8129492369233056,#EFE0B0
O542402002,-2.1451860059219916,#D4B86A
O542402003,-1.9046373226096331,#D4B86A
O546431001,-1.9530733998064296,#D4B86A
O548291001,-1.816183324239767,#D4B86A
O548293002,-1.8030567731890457,#D4B86A
O553401001,-0.8052675427222875,#EFE0B0
O555291001,-1.761132820725976,#D4B86A
O557291001,-1.7442742674387275,#D4B86A
O560251001,-0.41636662357893384,#EFE0B0
O562402001,-1.6205715592581906,#EFE0B0
O562403001,-1.5136295179455588,#EFE0B0
O566401001,-2.0577700794055387,#D4B86A
O568501001,-2.734559571872649,#D4B86A
O568501002,-2.8106159641420154,#D4B86A
O575401001,-3.5931713643518775,#B3762A
O576251001,-0.9733358566680984,#EFE0B0
O588251001,-0.7518383633553425,#EFE0B0
O590101002,-2.1974904154830686,#D4B86A
O596402001,-2.277247526018856,#D4B86A
O600001001,-4.277141886861218,#B3762A
O609000101,-4.4761470281728535,#B3762A
O613401001,-1.4481803782284044,#EFE0B0
O614001001,-4.419746928717398,#B3762A
O615000301,-2.9475176805067242,#D4B86A
O619461001,-1.9020290171044973,#D4B86A
O631000101,-6.210160554504427,#7F4A23
O637000201,-5.482846765953824,#7F4A23
O648000101,-2.387239774660687,#D4B86A
O655000101,-7.239180186545061,#452C1A
O658000101,-6.4826843688693945,#7F4A23
O658000201,-7.099897660479006,#452C1A
O662000201,-6.875085037157893,#452C1A
O683000201,-6.490139907806492,#7F4A23
O687000201,-6.261273771499392,#7F4A23
O700151002,-1.3214731843594856,#EFE0B0
O701151001,-1.4831879262815364,#EFE0B0
O702153002,-1.697479286504373,#EFE0B0
O703501001,-1.4931329988016475,#EFE0B0
O704000101,-1.810014387799844,#D4B86A
O708501001,-1.8748201191683598,#D4B86A
O709401002,-1.7747621306298675,#D4B86A
O710151001,-2.4577948008811066,#D4B86A
O718151001,-1.556463150326905,#EFE0B0
O719151001,-1.2745531488859174,#EFE0B0
O723401001,-0.7583270513370581,#EFE0B0
O723403101,-1.9215020582455797,#D4B86A
O724501001,-1.635519789307167,#EFE0B0
O726501001,-1.5314195131451211,#EFE0B0
O737000201,-2.0838498818648605,#D4B86A
O745000301,0.6291621064617947,#BCE6DB
O754000201,-0.8364431948208206,#EFE0B0
O760000201,-1.0047619060877389,#EFE0B0
O766401001,-0.08120475520660184,#EFE0B0
O768501001,-1.2256948057253416,#EFE0B0
O769251001,-0.9108155559260525,#EFE0B0
O769251101,-1.1117177881573277,#EFE0B0
O773000101,-0.6215682776337605,#EFE0B0
O787401001,-0.4184549331580628,#EFE0B0
O791151001,-1.0438101273593858,#EFE0B0
O794402002,-1.2291519067089378,#EFE0B0
O797151001,-1.116994666226243,#EFE0B0
O811351001,-0.8243257574375347,#EFE0B0
O811352001,-0.4590747647799359,#EFE0B0
O813352001,-0.8374162841856169,#EFE0B0
O825501001,0.43926688709351025,#BCE6DB
O834402001,-2.0821541759329576,#D4B86A
O839431001,-0.5524846265230305,#EFE0B0
O843000101,-1.1079872171655567,#EFE0B0
O848153002,-0.9826369123159775,#EFE0B0
O858401001,-2.0804296745934776,#D4B86A
O900001002,-3.6651309855241236,#B3762A
O903401001,-0.4351963716038972,#EFE0B0
O913401001,-1.588731433387045,#EFE0B0
O937251001,-0.30292071749620886,#EFE0B0
O937251002,-0.18032783960494214,#EFE0B0
P006431001,0.6363605771234184,#BCE6DB
P009000201,0.38551269652083137,#BCE6DB
P011501101,-0.25618052847320827,#EFE0B0
P018000101,0.2747303577945555,#BCE6DB
P027251002,0.47973471327574735,#BCE6DB
P036000101,-0.20719796388931888,#EFE0B0
P065000101,-0.3498233603332901,#EFE0B0
P071401001,0.44512821492870264,#BCE6DB
P081402001,1.1748258614569078,#BCE6DB
P087000101,1.3145084071364688,#BCE6DB
P088501001,0.5951993530002635,#BCE6DB
P092401001,1.1908188366628292,#BCE6DB
P103401001,0.8191340919603143,#BCE6DB
P115000100,1.3700101410786103,#BCE6DB
P115000101,0.6396847486146944,#BCE6DB
P135001002,0.7652773036870848,#BCE6DB
P138000000,0.5049186114279213,#BCE6DB
P142251001,-0.32082213365455337,#EFE0B0
P150000101,0.11560640598778722,#BCE6DB
P152000101,0.35107557729068206,#BCE6DB
P159251001,0.4297813823168246,#BCE6DB
P163001001,0.4978344179822495,#BCE6DB
P165001001,0.49637266744075453,#BCE6DB
P171291001,-0.42359140231418824,#EFE0B0
P174401003,-0.5642583732581982,#EFE0B0
P177000101,-0.3787782232651173,#EFE0B0
P178051001,0.6858025996836798,#BCE6DB
P178052000,0.6804561692376602,#BCE6DB
P183401001,0.29653719166518877,#BCE6DB
P196291001,-0.01176461550762511,#EFE0B0
P205401001,-0.7750609633565155,#EFE0B0
P207002002,0.5614888673977941,#BCE6DB
P211401001,0.47971474986544144,#BCE6DB
P218431001,0.5062842963815669,#BCE6DB
P230001001,0.35296127066601335,#BCE6DB
P231502001,1.0925890795717914,#BCE6DB
P238001001,0.3693712295980401,#BCE6DB
P245431001,0.02434688758953687,#BCE6DB
P246401001,0.2231186850900201,#BCE6DB
P248401001,0.2651922367885852,#BCE6DB
P248402001,0.5488702321402036,#BCE6DB
P258001001,0.3687346008401816,#BCE6DB
P302000101,0.9616687447450637,#BCE6DB
P310101001,0.2534545307770683,#BCE6DB
P313102001,0.2115225832726509,#BCE6DB
P316401001,0.7098566353105145,#BCE6DB
P319431001,0.0003177429817450061,#BCE6DB
P320101001,0.4165115535253439,#BCE6DB
P320102001,0.3067915886476868,#BCE6DB
P323401001,0.5563188987894424,#BCE6DB
P327401001,1.0642725927326666,#BCE6DB
P335251001,0.33772430354384897,#BCE6DB
P335252001,0.42797749808023067,#BCE6DB
P350251001,0.3444596577288637,#BCE6DB
P392252001,0.08830603535259662,#BCE6DB
P392252002,0.0192985001571536,#BCE6DB
P399401001,-0.17763696332020656,#EFE0B0
P400101001,-0.1229297898415016,#EFE0B0
P401501001,0.10612003424744003,#BCE6DB
P411401001,2.6096389808955704,#7ACEB9
P413501001,0.8285556951191406,#BCE6DB
P416101002,0.1015565954903888,#BCE6DB
P427101001,-0.29709970819070347,#EFE0B0
P500000201,0.5917563972175672,#BCE6DB
P504401001,-2.0744338365508646,#D4B86A
P524401001,1.8959835994019407,#7ACEB9
P532001001,0.6345832037643417,#BCE6DB
P540401001,3.4956069916776995,#449C93
P555001001,0.6777579651841723,#BCE6DB
P608151001,1.6940949068572375,#BCE6DB
P613402001,1.651427575789332,#BCE6DB
P613402002,1.5339563612059508,#BCE6DB
P616151001,1.5891546609842124,#BCE6DB
P616151101,1.5316106540866243,#BCE6DB
P634251001,1.6552631652743082,#BCE6DB
P636251001,1.6962742840140623,#BCE6DB
P638251001,1.5199036351394226,#BCE6DB
P700151001,1.4560755612408998,#BCE6DB
P704151001,1.3010202130522082,#BCE6DB
P712151001,1.3690820648047972,#BCE6DB
P714401001,1.125265813575543,#BCE6DB
P718152002,1.389865045337663,#BCE6DB
P726151001,1.4664514090730805,#BCE6DB
P801251001,1.874355090533425,#7ACEB9
P802251001,2.3031457939803848,#7ACEB9
P810251001,1.7868660609277682,#7ACEB9
P816252001,1.6665867907558307,#BCE6DB
P820401001,2.77862282624331,#7ACEB9
P828401001,1.828992332811589,#7ACEB9
P831252001,1.7537797249396654,#7ACEB9
P839431001,1.8293869967103742,#7ACEB9
P927401001,3.5586754767035003,#449C93
Q010002500,-4.064907982644226,#B3762A
Q010003001,-3.7572265374956317,#B3762A
Q012005001,-4.2209042246677955,#B3762A
Q012006002,-5.248755212915993,#7F4A23
Q021401001,-8.02147403710878,#452C1A
Q022402001,-8.53997041359484,#452C1A
Q022403001,-7.6051526001930085,#452C1A
Q028003001,-5.697822884854021,#7F4A23
Q045001001,-5.615735586774957,#7F4A23
Q052252001,-6.406541239680263,#7F4A23
Q061251001,-6.571764435066498,#7F4A23
Q061252001,-6.607479126082095,#7F4A23
Q074001001,-5.989909975669429,#7F4A23
Q109402001,-4.496941970069161,#B3762A
Q110001002,-5.699104290315038,#7F4A23
Q124001001,-5.337955514131235,#7F4A23
Q132401001,-4.487060717497639,#B3762A
Q142001001,-5.22401563218328,#7F4A23
Q206000101,-6.16036964672024,#7F4A23
Q215251001,-6.108013343005206,#7F4A23
Q219252001,-5.454309736370743,#7F4A23
Q224291001,-6.196179805052716,#7F4A23
Q229291001,-5.6549906968523755,#7F4A23
Q235401001,-4.4439224238907675,#B3762A
Q236401001,-4.04945654002291,#B3762A
Q240291001,-4.764313836459342,#B3762A
Q250331001,-4.896623825687532,#B3762A
Q254431001,-2.489188033912442,#D4B86A
Q255431001,-2.6315716660226287,#D4B86A
Q258461001,-1.7931776781875093,#D4B86A
Q259331001,-4.436384364417361,#B3762A
Q265401001,-1.7124803581588737,#D4B86A
Q312001002,-4.605006571620488,#B3762A
Q322401001,-3.9978365340324773,#B3762A
Q335401001,-3.5731422029251916,#B3762A
Q346401001,-1.8206230576493916,#D4B86A
Q456401001,-5.518267463902521,#7F4A23
Q480101001,-5.578067664750842,#7F4A23
Q504101001,-5.39737631202326,#7F4A23
Q550101001,-5.2264434681604985,#7F4A23
Q614292001,-5.5816730434769575,#7F4A23
Q633252101,-5.478982324509937,#7F4A23
Q700291001,-5.410662127547428,#7F4A23
Q724252001,-4.893114453185509,#B3762A
Q732252002,-4.2302014715978205,#B3762A
Q741291001,-5.077422830265002,#B3762A
Q803251001,-3.4869940715478562,#B3762A
Q931251001,-3.785416566035561,#B3762A
R002001002,0.7777656172517391,#BCE6DB
R011001002,1.574456665972826,#BCE6DB
R022001002,1.772381779639605,#7ACEB9
R025001001,1.1739690286594269,#BCE6DB
R103001001,1.5765319348260356,#BCE6DB
R118001001,1.9216664717742606,#7ACEB9
R125001001,1.2964497469117435,#BCE6DB
R202001002,1.8506806702371865,#7ACEB9
R212001101,2.3216373919231765,#7ACEB9
R222001001,1.8305640694803778,#7ACEB9
R314001002,2.107656819257138,#7ACEB9
R406000101,1.7561446019819376,#7ACEB9
R411001001,2.5392458007947205,#7ACEB9
R413001300,3.143599052687195,#7ACEB9
R502331002,3.406045549397124,#449C93
R512331003,3.674954408990955,#449C93
R523001001,2.8460835371248856,#7ACEB9
R608001003,2.421674268735379,#7ACEB9
R614291001,3.1184541843882396,#7ACEB9
R616461001,3.8950695923595076,#449C93
R618291001,3.531287271340875,#449C93
R713001001,3.448081640971876,#449C93
S036402000,4.510930024797879,#449C93
S131501000,6.140023043038781,#2A6863
S213401001,-1.366118958246532,#EFE0B0
S224251001,-0.3291128558118063,#EFE0B0
S514401000,-3.0915517140129305,#D4B86A
U002001001,3.0840862587182167,#7ACEB9
U004050000,4.123898425942474,#449C93
U010401001,1.4211725634217243,#BCE6DB
U012401001,1.5764214434610353,#BCE6DB
U013040000,2.394355134925883,#7ACEB9
U020400101,3.530171324081936,#449C93
U023001001,2.5481577083425773,#7ACEB9
U023401001,3.572843302399862,#449C93
U041501001,1.457411455370287,#BCE6DB
U041502001,1.339914875806755,#BCE6DB
U041503001,1.9285276165215073,#7ACEB9
U042401001,1.6727030570966304,#BCE6DB
U044431001,1.426517553250613,#BCE6DB
U047401001,1.2806794194436821,#BCE6DB
U052501001,3.521530740338509,#449C93
U053401001,3.2414056994004903,#7ACEB9
U053402001,3.438161671114114,#449C93
U060001001,2.7503560944282457,#7ACEB9
U061001001,2.6806374220823606,#7ACEB9
U062050000,5.410322860642454,#2A6863
U062051001,4.782478762839401,#449C93
U063501001,4.68291608532171,#449C93
U070401001,4.15927890237934,#449C93
U072040000,4.465074902551932,#449C93
U072401001,4.041073553452464,#449C93
U081501001,4.380690189501855,#449C93
U082001001,2.524240053351084,#7ACEB9
U092401001,4.489253952045673,#449C93
U092402001,4.7754270347098515,#449C93
U100401001,1.54963283118373,#BCE6DB
U101401001,1.6572318405963795,#BCE6DB
U101402001,1.678316712487622,#BCE6DB
U102503001,2.228122435992816,#7ACEB9
U102503200,2.4509380233102425,#7ACEB9
U103541001,2.80374043518019,#7ACEB9
U104064000,4.768943909370496,#449C93
U104401001,1.952474905191084,#7ACEB9
U104401400,4.7435328539657124,#449C93
U105401001,2.21385371842692,#7ACEB9
U106040000,3.00374735180733,#7ACEB9
U107040000,3.2321502982555366,#7ACEB9
U107052000,4.687684496886279,#449C93
U107401001,3.1721942889842625,#7ACEB9
U107402001,2.8623961634372144,#7ACEB9
U108401001,2.629576563556598,#7ACEB9
U110901101,5.164259618388513,#2A6863
U111050000,8.130731457694878,#193830
U111521401,7.078618768760448,#193830
U112001001,3.2749179151605374,#7ACEB9
U120401001,5.102242895116065,#2A6863
U120401201,5.385252918434504,#2A6863
U121501001,6.549080741324049,#2A6863
U121503001,5.9001222577467844,#2A6863
U122040000,6.349688097274999,#2A6863
U122401001,6.0438454434314055,#2A6863
U122402001,5.9022679291403195,#2A6863
U122402100,6.392273152702998,#2A6863
U122402201,6.466727417645112,#2A6863
U123502001,6.928615345983114,#193830
U123502201,7.451274358154895,#193830
U124404001,6.185853604479645,#2A6863
U130561001,6.184949785579469,#2A6863
U131401001,6.076561185898324,#2A6863
U131402001,6.304190346088061,#2A6863
U132040000,7.167066166593107,#193830
U132401001,6.22054409001168,#2A6863
U132402001,6.433432598395113,#2A6863
U132901001,6.554906359657383,#2A6863
U132902001,6.688750130385662,#2A6863
U133401001,6.454515492362013,#2A6863
U133402001,6.5379155996767455,#2A6863
U141503001,7.3342464402833,#193830
U141581001,7.378144569276882,#193830
U141601001,7.6696660194024915,#193830
U142001001,3.4993685223476687,#449C93
U201201001,1.7721103930797937,#7ACEB9
U201202001,2.4295850220899213,#7ACEB9
U202201001,1.664667572954762,#BCE6DB
U202202001,1.9108222134627102,#7ACEB9
U203502003,3.0806744342877197,#7ACEB9
U203503002,2.3219479163862053,#7ACEB9
U210201001,1.9844474848935476,#7ACEB9
U210202001,2.199507477106045,#7ACEB9
U211020000,2.8809579132733405,#7ACEB9
U211201001,1.673115989973386,#BCE6DB
U212201001,1.921502548157364,#7ACEB9
U214201001,2.0575973496288165,#7ACEB9
U220201001,2.098141723907877,#7ACEB9
U221502001,1.9952882445393314,#7ACEB9
U221521001,2.4369819697090476,#7ACEB9
U221521100,2.3595341465594397,#7ACEB9
U222054000,3.559944262701323,#449C93
U222200501,2.7234483634944984,#7ACEB9
U222201001,1.817299882258451,#7ACEB9
U222542001,3.371523763952832,#7ACEB9
U230523001,4.268746364551366,#449C93
U232421001,3.493984719132522,#449C93
U233401001,3.192130239423279,#7ACEB9
U233403001,3.5915067956612248,#449C93
U234503001,2.3337985058759343,#7ACEB9
U234504001,2.557675715232002,#7ACEB9
U235401001,3.283367318298275,#7ACEB9
U235402001,3.343429251868443,#7ACEB9
U240201001,2.4943770680893778,#7ACEB9
U241201001,2.566832300834102,#7ACEB9
U242504001,2.340658551289251,#7ACEB9
U242507000,2.4279598947341166,#7ACEB9
U242523001,2.620498730950741,#7ACEB9
U242525001,1.9918760610075215,#7ACEB9
U242526001,1.840345855529857,#7ACEB9
U242601100,2.4874178100494575,#7ACEB9
U250020000,3.178997554651167,#7ACEB9
U250201001,2.842507654296372,#7ACEB9
U251201001,2.609933332576151,#7ACEB9
U252020000,3.213744719231299,#7ACEB9
U252202001,3.2050236614341268,#7ACEB9
U254201001,2.1734378609459393,#7ACEB9
U255201001,2.7003894464904965,#7ACEB9
U256501001,5.5745425332812655,#2A6863
U256502001,6.328980839747047,#2A6863
U260040000,2.166891447296165,#7ACEB9
U260403001,1.305353288113722,#BCE6DB
U260404001,2.1084515357772595,#7ACEB9
U261583001,2.3668073136151286,#7ACEB9
U262401001,1.3395149085658018,#BCE6DB
U263050000,2.998564117277606,#7ACEB9
U263401001,1.627433485206673,#BCE6DB
U263402001,1.9248397073165329,#7ACEB9
U264000101,2.697012923612793,#7ACEB9
U264040000,2.6252672998768,#7ACEB9
U265401001,2.3790877391366467,#7ACEB9
U265501001,4.033382984518404,#449C93
U265503300,4.497821077878776,#449C93
U271501001,4.302325358652476,#449C93
U272201001,2.34672879697617,#7ACEB9
U273201001,2.7801890480315654,#7ACEB9
U274502001,6.340415924140863,#2A6863
U274502100,6.632016767226352,#2A6863
U300401001,6.0967945044079075,#2A6863
U301401001,6.404152969640554,#2A6863
U303050000,7.497058830123073,#193830
U303401001,6.36792444382407,#2A6863
U303601100,7.584962397966881,#193830
U310001002,2.841105793610037,#7ACEB9
U312001001,3.3336767566171828,#7ACEB9
U313000000,3.727623903460441,#449C93
U320040000,4.400588224813486,#449C93
U321401001,3.88679653342664,#449C93
U322501001,6.569512386567847,#2A6863
U323401001,5.5591127319484785,#2A6863
U331001001,3.469876937311607,#449C93
U340403001,2.8981805001247514,#7ACEB9
U340403200,3.2302745373618422,#7ACEB9
U340403400,3.2148767604392683,#7ACEB9
U341503001,4.910872587418115,#449C93
U342401001,3.573449430683632,#449C93
U343043000,3.1334069929396935,#7ACEB9
U343434001,2.8208491785959047,#7ACEB9
U343436000,3.6628357703919674,#449C93
U344503001,3.168213856086515,#7ACEB9
U345505001,3.1823468909498676,#7ACEB9
U346401001,3.241295117334616,#7ACEB9
U347050000,5.248399370757554,#2A6863
U348000000,3.798353404051018,#449C93
U348040000,4.342555332606043,#449C93
U401040000,3.285166024011678,#7ACEB9
U401401001,4.405911989427246,#449C93
U401402001,2.779553103956437,#7ACEB9
U423402001,3.7536431355475997,#449C93
U423501001,3.2253750421998717,#7ACEB9
U424040000,4.263653374611312,#449C93
U430001102,3.8117736385905006,#449C93
U430003001,3.5318428773105905,#449C93
U430050000,5.167342167150738,#2A6863
U440501001,4.429788357421721,#449C93
U440502001,3.781526860775125,#449C93
U440502300,4.252090375965466,#449C93
U450601100,4.050417077873129,#449C93
U450601200,4.678741055962726,#449C93
U452521001,6.534404924775711,#2A6863
U461401001,4.063733846719651,#449C93
U462401001,3.894956275954147,#449C93
U463501001,4.494388415848782,#449C93
U463661001,4.78127682683192,#449C93
U464401001,4.160013942482491,#449C93
U464551101,5.256605352255133,#2A6863
U470001001,3.543138188533829,#449C93
U471001003,3.175771457412233,#7ACEB9
U472002001,3.5551572432451777,#449C93
V000020000,3.0719450098621506,#7ACEB9
V000201001,3.4362536277038047,#449C93
V000201100,2.8678708433008127,#7ACEB9
V003201001,1.8034683074056002,#7ACEB9
V003201201,2.2131757219894923,#7ACEB9
V012000202,0.2090605542687541,#BCE6DB
V012040000,0.3399665000308535,#BCE6DB
V014000301,-0.22689639557536853,#EFE0B0
V015401001,0.4068844758822429,#BCE6DB
V020054000,-0.15856968741777083,#EFE0B0
V020542001,-1.4629709537139064,#EFE0B0
V020542201,2.8383065721044725,#7ACEB9
V022000202,1.9453355614526913,#7ACEB9
V023501001,1.544320281187234,#BCE6DB
V023502001,1.6584472554415495,#BCE6DB
V031040000,1.429338908264174,#BCE6DB
V031401001,1.1222663127691674,#BCE6DB
V031401002,1.1425777869276952,#BCE6DB
V032050000,1.1189382568758455,#BCE6DB
V032501001,0.8007318057130279,#BCE6DB
V033401001,0.9779604158697964,#BCE6DB
V035501001,1.9773538686966774,#7ACEB9
V041050000,3.628579741049427,#449C93
V100001001,2.452733168273323,#7ACEB9
V101050000,2.1644761982200738,#7ACEB9
V101501001,1.3764591385015157,#BCE6DB
V101502001,1.3740941418977057,#BCE6DB
V101503001,0.9903182443555283,#BCE6DB
V101581001,1.5540633465988871,#BCE6DB
V101582401,2.3549880870416944,#7ACEB9
V101582501,2.1018625028260147,#7ACEB9
V102002001,2.627416409759754,#7ACEB9
V102002100,2.370722571537379,#7ACEB9
V111401002,2.6563588809128795,#7ACEB9
V111403001,3.3230004919991636,#7ACEB9
V112000000,3.426728235154163,#449C93
V112040000,3.4473938285540013,#449C93
V121401001,-0.9726996187629042,#EFE0B0
V122501001,0.2766052058112646,#BCE6DB
V123561001,-0.1377251322443472,#EFE0B0
V125501001,0.6217459759069381,#BCE6DB
V126402001,1.432830287672051,#BCE6DB
V126402301,0.6112384259414195,#BCE6DB
V126402401,2.876035186567003,#7ACEB9
V131050000,2.1290506825930193,#7ACEB9
V131502001,1.0777459470387771,#BCE6DB
V131504002,0.7747476680829595,#BCE6DB
V131644001,3.656805460688548,#449C93
V132502001,2.7236781891659567,#7ACEB9
V141401001,2.742447077537112,#7ACEB9
V144002001,2.290331202894719,#7ACEB9
V144621100,2.939993551802764,#7ACEB9
V146431001,2.5675111499716214,#7ACEB9
V150401001,0.44543848686872617,#BCE6DB
V151050000,1.8811220810809668,#7ACEB9
V151501001,1.193495406653407,#BCE6DB
V163002001,2.649952293582099,#7ACEB9
V171401001,3.940777276427666,#449C93
V177401001,2.067577893629875,#7ACEB9
V202401001,1.113925579697516,#BCE6DB
V203041001,1.731870905605477,#7ACEB9
V220020000,2.042127868026968,#7ACEB9
V220201000,1.3045304466306362,#BCE6DB
V220202001,1.581676459523225,#BCE6DB
V221020000,2.1605983598766763,#7ACEB9
V231000201,2.2453096700590587,#7ACEB9
V232000000,1.494128809401143,#BCE6DB
V241401001,1.0107706835051342,#BCE6DB
V241402001,0.756589758483145,#BCE6DB
V242056001,1.1112842447729387,#BCE6DB
V244401001,1.1518474977358526,#BCE6DB
V244402001,1.262100599324542,#BCE6DB
V244403001,1.319830113138327,#BCE6DB
V251501002,2.309510517692431,#7ACEB9
V251521001,2.4261521459572424,#7ACEB9
V252040000,2.303330139502621,#7ACEB9
V262401000,1.7496631086454868,#7ACEB9
V271201001,1.6551321738601743,#BCE6DB
V281402001,2.5001789790020723,#7ACEB9
V281403001,2.3416212947181085,#7ACEB9
V292040000,2.2973888085645457,#7ACEB9
V292401001,1.9733163426622782,#7ACEB9
V292402001,2.379840181485447,#7ACEB9
V293401001,1.716694574050622,#7ACEB9
V294020000,2.1911392046944878,#7ACEB9
V294201001,1.7287889013140294,#7ACEB9
V300002001,2.251828435849404,#7ACEB9
V300561001,4.404777904627801,#449C93
V301502001,6.482161218633221,#2A6863
V303002002,2.906549765182235,#7ACEB9
V303501001,6.354836144974902,#2A6863
V303661100,6.549754763147144,#2A6863
V310401001,6.761788110756301,#2A6863
V311401001,6.238344594797905,#2A6863
V312401001,5.656094466379172,#2A6863
V313000000,3.2501745517847267,#7ACEB9
V322401001,1.607515511274214,#BCE6DB
V322402001,1.354015343151795,#BCE6DB
V322542002,2.3402041181456115,#7ACEB9
V334000000,3.254048013399598,#7ACEB9
V340431001,0.9703823103671386,#BCE6DB
V342431001,1.0531699388206242,#BCE6DB
V343401001,0.9106622669564238,#BCE6DB
V350401001,3.093914192175967,#7ACEB9
V350401100,3.7837664051872553,#449C93
V351501001,3.001102302480101,#7ACEB9
V351701100,3.671220333878709,#449C93
V352401001,3.3786919469787846,#7ACEB9
V353000000,3.2532724929285797,#7ACEB9
V353000101,2.889338395914264,#7ACEB9
V361401001,0.9902508060746363,#BCE6DB
V370040000,2.1082087900188573,#7ACEB9
V371402001,1.3402988177946584,#BCE6DB
V372401001,1.3749513570213114,#BCE6DB
V373000100,3.1727205782348884,#7ACEB9
V374401001,1.3604648369199475,#BCE6DB
V401001002,1.8156482925412276,#7ACEB9
V412401001,0.9312081444882427,#BCE6DB
V413000101,0.6023406378476579,#BCE6DB
V414521001,1.1032876386247292,#BCE6DB
V415401001,0.7787324293764322,#BCE6DB
V417040000,1.5452230667539448,#BCE6DB
V417402001,2.6872604401064266,#7ACEB9
V417402101,1.2043156845171508,#BCE6DB
V421401001,0.49371868795694523,#BCE6DB
V422501001,-2.165264332778827,#D4B86A
V423040000,0.0187112274795874,#BCE6DB
V424000100,2.0357205466068153,#7ACEB9
V425050000,2.624579006245247,#7ACEB9
V426401001,-0.5135816339514664,#EFE0B0
V427050000,2.603543318466103,#7ACEB9
V427501001,2.1506892915140465,#7ACEB9
V428402101,0.638739620333423,#BCE6DB
V430000101,0.8492925330060637,#BCE6DB
V441040000,2.567645370989074,#7ACEB9
V441401001,1.7443379352316513,#7ACEB9
V444503001,1.170184419850575,#BCE6DB
V445501001,2.3344630333537824,#7ACEB9
V445503002,1.2371563115994693,#BCE6DB
V453001002,2.6638536760361893,#7ACEB9
V457001001,2.35235340794135,#7ACEB9
V500402001,0.5616147054798086,#BCE6DB
V500403001,0.6629576530595247,#BCE6DB
V500621001,-0.08458883495574757,#EFE0B0
V501401001,0.2472033712182926,#BCE6DB
V501403001,0.24608009041256945,#BCE6DB
V501404001,0.11578475227074012,#BCE6DB
V501521001,0.6517600049302255,#BCE6DB
V502050000,0.1727321026257423,#BCE6DB
V502641001,0.6899486230786673,#BCE6DB
V503502001,0.7891423828011155,#BCE6DB
V503502201,0.8562685376503738,#BCE6DB
V504503001,0.8226952761504824,#BCE6DB
V504661001,0.7253909560741507,#BCE6DB
V504881100,1.2013634285014678,#BCE6DB
V504881301,0.9700674467433666,#BCE6DB
V504881401,0.8205552905834562,#BCE6DB
V505401001,0.5999529217236216,#BCE6DB
V505401100,1.5248462029159815,#BCE6DB
V506401001,0.6003697861764759,#BCE6DB
V521040000,3.02117625177531,#7ACEB9
V521401001,2.1940682422097684,#7ACEB9
V521402100,3.033965069521531,#7ACEB9
V523401001,1.5900218515338038,#BCE6DB
V530401001,1.7826559416475167,#7ACEB9
V531050000,2.0422227753282605,#7ACEB9
V532401001,0.6318452280677782,#BCE6DB
V533040000,2.2556870500952932,#7ACEB9
V540000000,1.0700025239562543,#BCE6DB
V540402600,1.0346257724262,#BCE6DB
V541000401,1.139608834377134,#BCE6DB
V542401001,1.0591738195699316,#BCE6DB
V543040000,1.2433336584443409,#BCE6DB
V544050000,1.517506373522355,#BCE6DB
V544502001,0.9165820479613537,#BCE6DB
V544502100,1.9469352069857309,#7ACEB9
V545401001,1.0394244320645059,#BCE6DB
V545401100,1.297513303337249,#BCE6DB
V545401200,0.9022941025231045,#BCE6DB
V546058000,2.2868751993601792,#7ACEB9
V546401501,1.020902706214337,#BCE6DB
V547000000,0.9742166675570866,#BCE6DB
V547058000,0.7232272388790747,#BCE6DB
V547401001,0.9545133298010253,#BCE6DB
V547401601,1.187632888784665,#BCE6DB
V548000000,2.424046223147042,#7ACEB9
V601020000,0.6569982808251946,#BCE6DB
V603050000,0.3352663326913191,#BCE6DB
V603501001,-0.026884317810137403,#EFE0B0
V604201001,0.82555639216275,#BCE6DB
V605201001,0.30163783160878593,#BCE6DB
V605201100,1.2672715608995617,#BCE6DB
V606000100,1.661871600751672,#BCE6DB
V606000200,1.6566631731990396,#BCE6DB
V611000300,1.6042527157249473,#BCE6DB
V611000401,0.0364179787264078,#BCE6DB
V615541001,1.637949000510305,#BCE6DB
V615542001,1.83132997539937,#7ACEB9
V620020000,1.5795203665148771,#BCE6DB
V710521401,1.2099383935905172,#BCE6DB
V711501301,1.5056640253904234,#BCE6DB
V712401001,0.7242089016910027,#BCE6DB
V712401501,1.0740788980269076,#BCE6DB
V713501001,0.6442988984798865,#BCE6DB
V713501701,1.4409546370984399,#BCE6DB
V713504501,1.6404996366960742,#BCE6DB
V713504801,1.2715540910001404,#BCE6DB
V714401001,0.7455609374545711,#BCE6DB
V715501001,0.7525427609058479,#BCE6DB
V715504001,0.4978216103123355,#BCE6DB
V715621300,0.6456669277047435,#BCE6DB
V715621500,0.6384233985633901,#BCE6DB
V716054000,-0.49717247454073626,#EFE0B0
V716401001,0.5322200909401501,#BCE6DB
V717000400,-1.7328272369670141,#D4B86A
V718000000,0.7085061553884557,#BCE6DB
V718401501,0.29413648238143175,#BCE6DB
V718501001,-0.06492829187675948,#EFE0B0
V718501600,0.2548235632751815,#BCE6DB
V718501801,0.2631536393185203,#BCE6DB
V719401001,0.4112176058770117,#BCE6DB
V720000501,2.4012681560913824,#7ACEB9
V720001002,1.5182586596334944,#BCE6DB
W002000000,1.2969634021241596,#BCE6DB
W004000201,0.9928391643297688,#BCE6DB
W010000101,1.0567643420920327,#BCE6DB
W011000000,1.2319350924762718,#BCE6DB
W011001001,1.0133138490778122,#BCE6DB
W011001101,1.0151205777483028,#BCE6DB
W020040000,1.3863345923410084,#BCE6DB
W022000101,1.0958382434572982,#BCE6DB
W022000201,1.7902849120363977,#7ACEB9
W024050000,0.07901733647518246,#BCE6DB
W024401001,1.1442381401354242,#BCE6DB
W030000201,0.5471742625765158,#BCE6DB
W031000100,1.2022071242400565,#BCE6DB
W040040000,1.0193093596255025,#BCE6DB
W041401002,0.007812004058042987,#BCE6DB
W042040000,0.4019621920172984,#BCE6DB
W043000101,0.00030120255962167163,#BCE6DB
W043050000,-0.4030753785475195,#EFE0B0
W051000000,0.8537486039404403,#BCE6DB
W101072000,1.674241227611406,#BCE6DB
W101401002,0.7175197788314641,#BCE6DB
W102000200,1.2672430439486428,#BCE6DB
W103000301,0.5384915327926452,#BCE6DB
W103040000,1.5208732935245233,#BCE6DB
W106000301,1.7159405366333675,#7ACEB9
W106060000,0.83927233039986,#BCE6DB
W107401001,0.8737399336186524,#BCE6DB
W107403001,0.7956701875819967,#BCE6DB
W107403100,0.9921562185407747,#BCE6DB
W110001001,0.33256129872425044,#BCE6DB
W111001001,0.690756942023054,#BCE6DB
W130001001,0.8262625907108122,#BCE6DB
W141001001,0.15197228895548828,#BCE6DB
W202201001,-1.8431474192286554,#D4B86A
W202202101,-1.6704258505793645,#EFE0B0
W202203001,-1.3892565714513339,#EFE0B0
W211401000,-1.2636272229835086,#EFE0B0
W221050000,1.168826918987607,#BCE6DB
W221502001,1.135233744594734,#BCE6DB
W221504001,1.1516432395340321,#BCE6DB
W222000101,-1.4630292467105155,#EFE0B0
W231401001,-1.5937392504375756,#EFE0B0
W233521001,-1.5719826784982185,#EFE0B0
W253401001,0.04485533498078027,#BCE6DB
W261000000,-0.2928005291183936,#EFE0B0
W270040000,-0.016695164368516303,#EFE0B0
W271000101,0.47698633333213125,#BCE6DB
W273050001,0.9199690185540922,#BCE6DB
W274040000,-0.20725238263127554,#EFE0B0
W275000201,-1.7484706941136714,#D4B86A
W276721100,-0.4810099390959855,#EFE0B0
W276721401,-0.18083366310150453,#EFE0B0
W282040000,1.3437099257153866,#BCE6DB
W283201001,-0.04698668561077444,#EFE0B0
W283201100,-0.7958883223002875,#EFE0B0
W302000301,-0.029689188624800876,#EFE0B0
W312503002,2.629730419641552,#7ACEB9
W320001001,0.005069861927558606,#BCE6DB
W323000000,0.2773028931544079,#BCE6DB
W333050000,-0.2401748200380296,#EFE0B0
W333521100,-0.7069436183633975,#EFE0B0
W333521201,-0.373666157859763,#EFE0B0
W334000100,-0.02133933432533297,#EFE0B0
W340000000,0.294393589810613,#BCE6DB
W353402001,0.37034986127825836,#BCE6DB
W354001000,0.021653220827570152,#BCE6DB
X000050000,1.6169637626907256,#BCE6DB
X001001002,0.4469113515765407,#BCE6DB
X001502001,1.3211659309938009,#BCE6DB
X001561301,1.3243912841225371,#BCE6DB
X011000000,1.9540443636216593,#7ACEB9
X013001001,1.3891624733795558,#BCE6DB
X023040000,4.055076705116013,#449C93
X024050000,2.5971011333688514,#7ACEB9
X031001001,0.7820048176735984,#BCE6DB
X041040000,-0.7288803340244595,#EFE0B0
X043401001,-0.9032407910572298,#EFE0B0
X043401100,0.06778295766125701,#BCE6DB
X045401001,0.10926928782054617,#BCE6DB
X050551301,0.5188224545085462,#BCE6DB
X060050000,2.255200787639235,#7ACEB9
X070000201,1.5726387605212537,#BCE6DB
X071000401,0.7959265546405737,#BCE6DB
X072000000,1.808972830554228,#7ACEB9
X072000201,2.2297179255763546,#7ACEB9
X100000100,0.2538700554093893,#BCE6DB
X102050000,0.12882527102741861,#BCE6DB
X102691501,0.6092882624905652,#BCE6DB
X102691801,1.2422307314063183,#BCE6DB
X103402001,0.44685862172976665,#BCE6DB
X104000301,1.386639448873455,#BCE6DB
X105050000,2.0825610830541947,#7ACEB9
X106040000,2.0486967181729603,#7ACEB9
X110000301,1.584760600867351,#BCE6DB
X113000101,0.8478213483127114,#BCE6DB
X121000100,2.269090895574998,#7ACEB9
X122501001,2.029931417319289,#7ACEB9
X123000101,1.3299783656946236,#BCE6DB
X124000100,2.538152102466787,#7ACEB9
X130000000,1.8449430959344082,#7ACEB9
X131001001,1.5622529938660488,#BCE6DB
X133501001,0.6472401389185183,#BCE6DB
X142000101,0.1796176916017025,#BCE6DB
X144000401,1.9621684126598455,#7ACEB9
X150000200,2.300231069135277,#7ACEB9
X152000101,1.8967507084311663,#7ACEB9
X160000000,1.8772212883031927,#7ACEB9
X200203001,-1.1976323821149226,#EFE0B0
X203201000,0.2750480639111853,#BCE6DB
X211401001,0.9387164993755184,#BCE6DB
X220202001,0.3355358899469145,#BCE6DB
X220202201,-1.0223268323258927,#EFE0B0
X221020000,1.203453996418683,#BCE6DB
X241401001,-0.17580331075722774,#EFE0B0
X241402001,-0.5853627986564982,#EFE0B0
X241403001,-1.069675524190566,#EFE0B0
X241404001,-0.6716347022259853,#EFE0B0
X242401001,-0.06556342302012919,#EFE0B0
X260201001,0.07771509039373559,#BCE6DB
X271000100,2.798627869855968,#7ACEB9
X281121101,0.3060012506670805,#BCE6DB
X300101100,2.4281729174759348,#7ACEB9
X300101301,0.6173727046021291,#BCE6DB
X301056000,1.3424499529377583,#BCE6DB
X302001001,1.5370643086870603,#BCE6DB
X331001001,0.7592575914390107,#BCE6DB
X331002001,1.8894755388521773,#7ACEB9
Y004501001,-6.128553274600893,#7F4A23
Y022401001,3.880333432428101,#449C93
Y024401001,2.446466176674344,#7ACEB9
Y025404001,2.1968581119755206,#7ACEB9
Y028406001,3.4339950841074107,#449C93
Y033401001,5.467602569269691,#2A6863
Y042401001,-2.1555378768780167,#D4B86A
Y043401001,-1.62989702969653,#EFE0B0
Y044401001,-1.3581453751774,#EFE0B0
Y046402001,-1.024753986442573,#EFE0B0
Y046403002,-0.9165576424260852,#EFE0B0
Y046921101,-0.4361143348301482,#EFE0B0
Y047562001,6.440104820044884,#2A6863
Y061502001,-2.825925141320146,#D4B86A
Y062402001,-3.2037774732612534,#D4B86A
Y062522001,1.5962037630843693,#BCE6DB
Y063403002,-0.7803344941919734,#EFE0B0
Y065501001,2.8769196201561,#7ACEB9
Y066404001,1.0007500228195454,#BCE6DB
Y082401001,7.48426335798067,#193830
Y101202101,-3.598556001472821,#B3762A
Y103203001,-4.047203335113984,#B3762A
Y110501001,-7.856364940311215,#452C1A
Y111201001,-5.512145764931995,#7F4A23
Y111201002,-5.1998101674934905,#7F4A23
Y113501001,-4.5508697482017535,#B3762A
Y115201001,-5.643456236326846,#7F4A23
Y122502001,-1.2888277130891928,#EFE0B0
Y132501001,-8.096270128938084,#452C1A
Y135521001,-3.6452749931793016,#B3762A
Y136401001,-5.3547918036357345,#7F4A23
Y136402001,-5.472643664357796,#7F4A23
Y141502001,-2.7882535817296645,#D4B86A
Y141621001,-0.3361061371214641,#EFE0B0
Y142201001,-4.825722741864983,#B3762A
Y142202001,-4.68521490254313,#B3762A
Y145201001,-3.5930012042667143,#B3762A
Y152401001,-0.08099082666078364,#EFE0B0
Y152402001,0.23397875282443428,#BCE6DB
Y156401001,3.414900001049974,#449C93
Y160501001,0.6261379008475038,#BCE6DB
Y160506001,1.2250746851801824,#BCE6DB
Y161202001,-0.5507020599825814,#EFE0B0
Y201001001,0.42107791198959,#BCE6DB
Y201002001,0.7231955383995727,#BCE6DB
Y202001001,0.7865394107431729,#BCE6DB
Y203002001,0.09890579601964503,#BCE6DB
Y203002101,0.23585658265931456,#BCE6DB
Y210002001,0.44189601733283457,#BCE6DB
Y213001001,0.3175419511590394,#BCE6DB
Y213001002,0.25791785031343784,#BCE6DB
Y214001001,0.048331651074249485,#BCE6DB
Y221001001,1.1557794585436418,#BCE6DB
Y230002001,0.46229813334414793,#BCE6DB
Y233001002,0.4136944318659725,#BCE6DB
Y237001001,0.3141753375748936,#BCE6DB
Y237002001,0.35451113881006835,#BCE6DB
Y251001001,0.5904822186953371,#BCE6DB
Y251002001,0.6830195869858597,#BCE6DB
Y251003001,0.7097036734849048,#BCE6DB
Y252002001,3.6446129007639145,#449C93
Y254001001,1.0732111324507057,#BCE6DB
Y254002001,0.9462391976373862,#BCE6DB
Y254003001,1.3273859430880135,#BCE6DB
Y255001002,1.0900939990093654,#BCE6DB
Y257001001,1.8615837652179188,#7ACEB9
Y257002001,2.071871425360139,#7ACEB9
Y258001002,2.418801311650209,#7ACEB9
Y320002001,-2.487303331112133,#D4B86A
Y341400501,-1.1706655925057885,#EFE0B0
Y341401001,-1.1220040966993303,#EFE0B0
Y344402001,-2.0257771149720023,#D4B86A
Y345401001,-1.5664556850174713,#EFE0B0
Y345402001,-1.4842782757375663,#EFE0B0
Y346400501,-1.7592453175624556,#D4B86A
Y346401001,-1.9174139490986932,#D4B86A
Y351402001,-0.24898850594489783,#EFE0B0
Y352401501,-0.09526501033860732,#EFE0B0
Y352501101,-0.3473255218645962,#EFE0B0
Y353401001,-0.32368433146992287,#EFE0B0
Y402201001,0.6447237496044927,#BCE6DB
Y412201001,3.0074969318534643,#7ACEB9
Y412204001,3.035748894838315,#7ACEB9
Y421401001,1.381723811921308,#BCE6DB
Y460402001,-3.2362778010789652,#D4B86A
Y461502001,-4.475771951973298,#B3762A
Y462401001,-4.595087280242412,#B3762A
Y503201001,-0.37351852692455945,#EFE0B0
Y503202001,-1.0041213044650825,#EFE0B0
Y510501001,-1.7638882205946544,#D4B86A
Y511201001,-2.2312969259568027,#D4B86A
Y511502002,-1.17264342558197,#EFE0B0
Y520201001,-2.185204844456565,#D4B86A
Y521501001,-4.79561737383532,#B3762A
Y523501001,-1.5522462443879905,#EFE0B0
Y523561001,1.2084607064422452,#BCE6DB
Y530501501,0.05401450050402055,#BCE6DB
Y530502001,-0.5541308373257146,#EFE0B0
Y531201001,-1.5545510248911507,#EFE0B0
Y532501001,2.3898107684505634,#7ACEB9
Y542401001,-3.1223901737250888,#D4B86A
Y544401001,-3.47360222015816,#B3762A
Y553401001,0.6156333193482785,#BCE6DB
Y553403001,0.46849954468750943,#BCE6DB
Y553404001,0.4817487038848842,#BCE6DB
Y561501001,-1.4163499078858934,#EFE0B0
Y561503001,-0.911175957239891,#EFE0B0
Y561505001,-1.253351435172641,#EFE0B0
Y561621401,-1.2728126020046409,#EFE0B0
Y600203001,-0.9292817452387816,#EFE0B0
Y601201001,-1.0370796134428748,#EFE0B0
Y602000000,-0.9592841884922174,#EFE0B0
Y604201001,-1.063969363299058,#EFE0B0
Y611501001,-0.4477034502245253,#EFE0B0
Y612501201,-0.4763763533379885,#EFE0B0
Y620581301,-1.1611187617765784,#EFE0B0
Y623402401,-2.813010179332415,#D4B86A
Y624000101,-1.763373991494613,#D4B86A
Y633404001,-2.696773602319477,#D4B86A
Y642401001,-0.04302067514350601,#EFE0B0
Y643401001,-0.08417012625477298,#EFE0B0
Y643402001,0.06579967733309697,#BCE6DB
Y644000000,-1.29264323084099,#EFE0B0
Y644201001,-1.5492211140353729,#EFE0B0
Y661405001,-2.728041642757882,#D4B86A
Y662000301,-2.5687281281684484,#D4B86A
Y700000201,0.12540587030828726,#BCE6DB
Y702000201,-1.6276932202488452,#EFE0B0
Y721000101,-1.1658815253634658,#EFE0B0
Y750000301,-0.7595492604369107,#EFE0B0
Y781000101,3.764259616861883,#449C93
Y812000101,1.2573891759712041,#BCE6DB
Y830000101,0.2600922263259909,#BCE6DB
Y832000201,-0.39423659417341617,#EFE0B0
Y861000201,-1.791504095986554,#D4B86A
Y862000101,-1.6751644545377864,#EFE0B0
Y881000102,-1.807393524069908,#D4B86A
Y890000101,-1.9184656351586782,#D4B86A
Y901000301,-3.26490905577584,#D4B86A
Y902000101,-4.715974282276013,#B3762A
Y911000201,-3.2079637402586116,#D4B86A
Y911000203,-3.511312809171753,#B3762A
Y921000203,-2.5088752603946483,#D4B86A
Y931000101,-1.5095112544189482,#EFE0B0
Y941000102,-4.920016443750188,#B3762A